id,median_house_value
3,0
10,0
11,0
12,0
13,0
14,0
17,0
19,0
22,0
24,0
26,0
29,0
30,0
33,0
34,0
35,0
36,0
38,0
41,0
42,0
43,0
44,0
46,0
47,0
48,0
49,0
50,0
51,0
54,0
56,0
61,0
65,0
67,0
70,0
75,0
78,0
80,0
81,0
84,0
89,0
90,0
93,0
96,0
97,0
99,0
100,0
101,0
102,0
103,0
104,0
105,0
107,0
112,0
118,0
119,0
122,0
123,0
125,0
126,0
128,0
130,0
132,0
134,0
135,0
136,0
140,0
144,0
145,0
147,0
149,0
153,0
155,0
161,0
162,0
165,0
166,0
167,0
169,0
171,0
172,0
173,0
175,0
177,0
179,0
180,0
182,0
183,0
184,0
185,0
186,0
187,0
188,0
190,0
197,0
199,0
202,0
204,0
206,0
208,0
210,0
212,0
214,0
215,0
218,0
219,0
220,0
221,0
222,0
223,0
227,0
229,0
231,0
234,0
237,0
244,0
246,0
247,0
248,0
249,0
250,0
251,0
253,0
263,0
266,0
267,0
269,0
273,0
276,0
277,0
281,0
283,0
286,0
290,0
292,0
293,0
297,0
298,0
300,0
301,0
305,0
306,0
307,0
308,0
309,0
311,0
313,0
315,0
317,0
318,0
322,0
324,0
326,0
327,0
329,0
330,0
331,0
335,0
336,0
338,0
339,0
344,0
345,0
347,0
351,0
352,0
354,0
355,0
356,0
357,0
359,0
360,0
363,0
364,0
366,0
370,0
372,0
373,0
377,0
378,0
390,0
391,0
393,0
395,0
396,0
399,0
400,0
401,0
402,0
405,0
408,0
411,0
412,0
413,0
414,0
418,0
420,0
426,0
427,0
428,0
429,0
432,0
433,0
434,0
438,0
440,0
442,0
444,0
445,0
447,0
448,0
452,0
453,0
454,0
455,0
456,0
460,0
462,0
463,0
465,0
467,0
468,0
469,0
471,0
473,0
475,0
478,0
480,0
483,0
487,0
489,0
494,0
497,0
498,0
499,0
501,0
503,0
504,0
505,0
512,0
514,0
515,0
517,0
519,0
523,0
526,0
530,0
531,0
532,0
533,0
535,0
536,0
538,0
540,0
542,0
543,0
544,0
545,0
546,0
547,0
548,0
549,0
550,0
551,0
556,0
557,0
558,0
560,0
564,0
565,0
566,0
571,0
572,0
577,0
580,0
581,0
586,0
590,0
591,0
594,0
598,0
603,0
606,0
609,0
611,0
615,0
617,0
618,0
621,0
622,0
627,0
629,0
630,0
633,0
636,0
639,0
641,0
649,0
650,0
651,0
652,0
654,0
656,0
657,0
659,0
660,0
661,0
662,0
663,0
664,0
668,0
669,0
673,0
675,0
681,0
682,0
683,0
684,0
685,0
687,0
688,0
692,0
698,0
703,0
704,0
705,0
706,0
707,0
708,0
712,0
714,0
715,0
716,0
718,0
719,0
720,0
721,0
722,0
727,0
731,0
735,0
736,0
742,0
752,0
753,0
754,0
755,0
756,0
757,0
761,0
769,0
772,0
773,0
774,0
775,0
776,0
777,0
781,0
782,0
783,0
784,0
787,0
789,0
790,0
792,0
793,0
794,0
796,0
797,0
799,0
804,0
806,0
811,0
812,0
818,0
821,0
824,0
826,0
828,0
832,0
835,0
842,0
845,0
846,0
848,0
849,0
852,0
853,0
854,0
856,0
864,0
865,0
866,0
868,0
871,0
872,0
873,0
875,0
876,0
877,0
878,0
879,0
880,0
882,0
884,0
885,0
886,0
887,0
891,0
892,0
893,0
900,0
901,0
902,0
904,0
905,0
906,0
911,0
914,0
917,0
919,0
921,0
924,0
927,0
929,0
935,0
937,0
938,0
939,0
940,0
943,0
944,0
945,0
947,0
950,0
953,0
956,0
963,0
968,0
970,0
972,0
975,0
976,0
977,0
979,0
983,0
985,0
990,0
993,0
995,0
996,0
997,0
1000,0
1001,0
1004,0
1005,0
1008,0
1009,0
1013,0
1017,0
1018,0
1020,0
1024,0
1026,0
1029,0
1030,0
1031,0
1033,0
1036,0
1037,0
1040,0
1041,0
1042,0
1043,0
1044,0
1051,0
1052,0
1055,0
1056,0
1057,0
1059,0
1060,0
1062,0
1064,0
1065,0
1066,0
1068,0
1071,0
1072,0
1073,0
1074,0
1075,0
1081,0
1082,0
1084,0
1086,0
1091,0
1095,0
1099,0
1101,0
1102,0
1107,0
1110,0
1112,0
1118,0
1122,0
1123,0
1126,0
1127,0
1130,0
1135,0
1137,0
1139,0
1140,0
1141,0
1144,0
1145,0
1150,0
1151,0
1156,0
1162,0
1163,0
1164,0
1165,0
1167,0
1172,0
1177,0
1178,0
1179,0
1180,0
1181,0
1184,0
1188,0
1189,0
1193,0
1197,0
1199,0
1204,0
1205,0
1207,0
1212,0
1213,0
1214,0
1216,0
1217,0
1219,0
1227,0
1229,0
1230,0
1231,0
1232,0
1233,0
1236,0
1237,0
1238,0
1239,0
1241,0
1242,0
1245,0
1246,0
1247,0
1248,0
1249,0
1251,0
1252,0
1253,0
1255,0
1259,0
1263,0
1264,0
1267,0
1268,0
1271,0
1272,0
1274,0
1275,0
1282,0
1285,0
1287,0
1291,0
1292,0
1293,0
1296,0
1299,0
1301,0
1305,0
1307,0
1309,0
1312,0
1314,0
1315,0
1316,0
1321,0
1322,0
1323,0
1324,0
1325,0
1330,0
1331,0
1332,0
1333,0
1338,0
1343,0
1344,0
1347,0
1348,0
1350,0
1357,0
1359,0
1360,0
1362,0
1363,0
1367,0
1371,0
1373,0
1374,0
1378,0
1379,0
1383,0
1386,0
1388,0
1389,0
1402,0
1404,0
1406,0
1410,0
1412,0
1413,0
1418,0
1420,0
1430,0
1433,0
1438,0
1439,0
1441,0
1445,0
1446,0
1448,0
1449,0
1455,0
1457,0
1461,0
1463,0
1464,0
1469,0
1470,0
1472,0
1473,0
1475,0
1479,0
1480,0
1482,0
1483,0
1489,0
1490,0
1491,0
1492,0
1495,0
1498,0
1503,0
1504,0
1505,0
1510,0
1515,0
1518,0
1519,0
1520,0
1523,0
1526,0
1529,0
1532,0
1533,0
1535,0
1541,0
1543,0
1546,0
1547,0
1550,0
1552,0
1553,0
1555,0
1556,0
1558,0
1560,0
1561,0
1563,0
1565,0
1566,0
1569,0
1574,0
1575,0
1581,0
1583,0
1585,0
1587,0
1589,0
1591,0
1593,0
1598,0
1599,0
1600,0
1601,0
1603,0
1604,0
1610,0
1626,0
1628,0
1629,0
1630,0
1632,0
1634,0
1636,0
1639,0
1645,0
1646,0
1647,0
1648,0
1651,0
1653,0
1654,0
1655,0
1656,0
1657,0
1658,0
1662,0
1667,0
1668,0
1669,0
1673,0
1674,0
1677,0
1679,0
1680,0
1681,0
1685,0
1688,0
1689,0
1692,0
1694,0
1696,0
1697,0
1700,0
1703,0
1708,0
1711,0
1713,0
1718,0
1719,0
1720,0
1722,0
1723,0
1727,0
1728,0
1729,0
1740,0
1748,0
1751,0
1757,0
1759,0
1760,0
1768,0
1769,0
1774,0
1777,0
1779,0
1780,0
1781,0
1783,0
1784,0
1785,0
1786,0
1787,0
1793,0
1795,0
1798,0
1805,0
1808,0
1809,0
1810,0
1811,0
1812,0
1813,0
1816,0
1819,0
1820,0
1823,0
1825,0
1827,0
1828,0
1831,0
1833,0
1834,0
1836,0
1839,0
1842,0
1843,0
1845,0
1850,0
1855,0
1856,0
1859,0
1861,0
1864,0
1868,0
1869,0
1871,0
1874,0
1876,0
1877,0
1881,0
1884,0
1886,0
1889,0
1891,0
1894,0
1897,0
1898,0
1900,0
1901,0
1909,0
1910,0
1911,0
1916,0
1917,0
1918,0
1920,0
1921,0
1923,0
1925,0
1926,0
1927,0
1930,0
1931,0
1932,0
1934,0
1935,0
1936,0
1937,0
1938,0
1939,0
1940,0
1941,0
1942,0
1943,0
1945,0
1947,0
1952,0
1955,0
1959,0
1962,0
1965,0
1967,0
1968,0
1972,0
1973,0
1974,0
1978,0
1980,0
1983,0
1984,0
1987,0
1989,0
1996,0
2000,0
2001,0
2002,0
2005,0
2007,0
2010,0
2014,0
2017,0
2019,0
2021,0
2022,0
2024,0
2027,0
2035,0
2040,0
2041,0
2046,0
2047,0
2048,0
2051,0
2061,0
2062,0
2063,0
2067,0
2069,0
2070,0
2072,0
2075,0
2077,0
2083,0
2088,0
2092,0
2093,0
2094,0
2096,0
2102,0
2104,0
2109,0
2111,0
2118,0
2120,0
2123,0
2124,0
2126,0
2127,0
2128,0
2129,0
2133,0
2135,0
2140,0
2143,0
2146,0
2147,0
2150,0
2152,0
2154,0
2155,0
2156,0
2160,0
2162,0
2167,0
2168,0
2171,0
2174,0
2176,0
2178,0
2179,0
2181,0
2186,0
2187,0
2191,0
2192,0
2198,0
2199,0
2200,0
2201,0
2202,0
2204,0
2205,0
2207,0
2208,0
2209,0
2211,0
2214,0
2217,0
2218,0
2219,0
2221,0
2223,0
2224,0
2228,0
2231,0
2234,0
2236,0
2237,0
2242,0
2244,0
2250,0
2251,0
2252,0
2253,0
2255,0
2256,0
2257,0
2265,0
2269,0
2271,0
2274,0
2276,0
2277,0
2282,0
2285,0
2289,0
2291,0
2292,0
2295,0
2296,0
2299,0
2301,0
2302,0
2303,0
2304,0
2306,0
2307,0
2308,0
2311,0
2321,0
2323,0
2327,0
2329,0
2330,0
2332,0
2333,0
2334,0
2338,0
2340,0
2342,0
2343,0
2344,0
2349,0
2351,0
2352,0
2353,0
2356,0
2357,0
2360,0
2368,0
2369,0
2379,0
2384,0
2386,0
2387,0
2388,0
2390,0
2392,0
2395,0
2396,0
2401,0
2404,0
2407,0
2409,0
2413,0
2414,0
2415,0
2418,0
2419,0
2421,0
2424,0
2427,0
2429,0
2434,0
2435,0
2437,0
2440,0
2443,0
2444,0
2447,0
2448,0
2449,0
2454,0
2455,0
2459,0
2461,0
2464,0
2465,0
2467,0
2469,0
2471,0
2472,0
2474,0
2480,0
2481,0
2482,0
2486,0
2487,0
2488,0
2491,0
2492,0
2495,0
2501,0
2504,0
2506,0
2512,0
2515,0
2518,0
2522,0
2524,0
2529,0
2530,0
2535,0
2537,0
2538,0
2539,0
2541,0
2545,0
2548,0
2550,0
2551,0
2554,0
2556,0
2558,0
2560,0
2561,0
2563,0
2567,0
2569,0
2570,0
2573,0
2574,0
2576,0
2579,0
2585,0
2587,0
2589,0
2591,0
2592,0
2593,0
2601,0
2603,0
2604,0
2607,0
2609,0
2610,0
2614,0
2615,0
2618,0
2620,0
2627,0
2628,0
2629,0
2635,0
2636,0
2638,0
2639,0
2643,0
2644,0
2647,0
2652,0
2655,0
2657,0
2660,0
2663,0
2665,0
2668,0
2669,0
2672,0
2673,0
2676,0
2679,0
2680,0
2684,0
2686,0
2687,0
2688,0
2689,0
2692,0
2694,0
2695,0
2696,0
2700,0
2701,0
2703,0
2704,0
2705,0
2708,0
2709,0
2712,0
2714,0
2717,0
2720,0
2721,0
2723,0
2725,0
2729,0
2730,0
2733,0
2739,0
2746,0
2749,0
2752,0
2755,0
2757,0
2759,0
2761,0
2762,0
2765,0
2766,0
2774,0
2778,0
2780,0
2783,0
2785,0
2786,0
2787,0
2790,0
2792,0
2793,0
2794,0
2798,0
2800,0
2801,0
2807,0
2808,0
2809,0
2811,0
2814,0
2816,0
2817,0
2819,0
2820,0
2823,0
2827,0
2828,0
2831,0
2834,0
2836,0
2840,0
2842,0
2843,0
2845,0
2847,0
2848,0
2854,0
2862,0
2863,0
2866,0
2868,0
2869,0
2870,0
2872,0
2876,0
2877,0
2880,0
2887,0
2888,0
2892,0
2896,0
2898,0
2903,0
2910,0
2913,0
2915,0
2917,0
2918,0
2919,0
2920,0
2923,0
2925,0
2931,0
2933,0
2934,0
2935,0
2936,0
2939,0
2942,0
2943,0
2947,0
2951,0
2953,0
2954,0
2955,0
2956,0
2959,0
2960,0
2962,0
2963,0
2968,0
2970,0
2975,0
2977,0
2978,0
2979,0
2980,0
2983,0
2984,0
2985,0
2987,0
2988,0
2989,0
2991,0
2993,0
2995,0
2996,0
2998,0
2999,0
3000,0
3002,0
3003,0
3004,0
3008,0
3010,0
3018,0
3019,0
3021,0
3023,0
3024,0
3026,0
3030,0
3031,0
3034,0
3035,0
3036,0
3037,0
3039,0
3040,0
3043,0
3044,0
3048,0
3050,0
3052,0
3055,0
3058,0
3060,0
3063,0
3064,0
3065,0
3066,0
3067,0
3068,0
3069,0
3070,0
3071,0
3072,0
3075,0
3076,0
3077,0
3081,0
3084,0
3085,0
3086,0
3087,0
3089,0
3092,0
3095,0
3096,0
3097,0
3100,0
3103,0
3104,0
3105,0
3106,0
3109,0
3110,0
3118,0
3119,0
3120,0
3129,0
3134,0
3137,0
3138,0
3142,0
3144,0
3146,0
3148,0
3150,0
3153,0
3157,0
3159,0
3162,0
3169,0
3171,0
3172,0
3173,0
3176,0
3180,0
3188,0
3189,0
3190,0
3192,0
3194,0
3197,0
3198,0
3201,0
3202,0
3204,0
3205,0
3206,0
3208,0
3209,0
3210,0
3215,0
3220,0
3223,0
3224,0
3225,0
3226,0
3227,0
3232,0
3233,0
3235,0
3236,0
3237,0
3238,0
3241,0
3244,0
3245,0
3246,0
3248,0
3250,0
3253,0
3254,0
3257,0
3259,0
3262,0
3264,0
3265,0
3269,0
3270,0
3272,0
3277,0
3281,0
3285,0
3288,0
3291,0
3293,0
3296,0
3297,0
3298,0
3300,0
3301,0
3302,0
3304,0
3305,0
3311,0
3313,0
3323,0
3325,0
3326,0
3327,0
3330,0
3332,0
3333,0
3337,0
3342,0
3345,0
3347,0
3348,0
3349,0
3350,0
3354,0
3355,0
3358,0
3362,0
3365,0
3367,0
3370,0
3379,0
3380,0
3381,0
3382,0
3384,0
3386,0
3387,0
3391,0
3396,0
3397,0
3401,0
3402,0
3403,0
3406,0
3407,0
3409,0
3411,0
3412,0
3415,0
3416,0
3417,0
3425,0
3426,0
3427,0
3429,0
3430,0
3431,0
3432,0
3437,0
3439,0
3442,0
3443,0
3444,0
3445,0
3450,0
3451,0
3452,0
3454,0
3455,0
3458,0
3462,0
3464,0
3471,0
3474,0
3476,0
3478,0
3479,0
3482,0
3484,0
3485,0
3486,0
3488,0
3491,0
3493,0
3494,0
3495,0
3504,0
3511,0
3515,0
3525,0
3526,0
3527,0
3528,0
3530,0
3533,0
3534,0
3535,0
3537,0
3538,0
3541,0
3543,0
3547,0
3548,0
3553,0
3554,0
3555,0
3556,0
3557,0
3558,0
3564,0
3565,0
3566,0
3568,0
3574,0
3575,0
3576,0
3580,0
3583,0
3584,0
3587,0
3589,0
3591,0
3593,0
3594,0
3596,0
3598,0
3604,0
3609,0
3612,0
3615,0
3617,0
3619,0
3623,0
3630,0
3634,0
3637,0
3639,0
3644,0
3645,0
3646,0
3650,0
3651,0
3652,0
3654,0
3656,0
3657,0
3661,0
3663,0
3665,0
3666,0
3668,0
3669,0
3674,0
3675,0
3676,0
3677,0
3679,0
3680,0
3684,0
3685,0
3688,0
3690,0
3692,0
3695,0
3697,0
3698,0
3704,0
3708,0
3710,0
3715,0
3717,0
3719,0
3721,0
3722,0
3724,0
3725,0
3731,0
3732,0
3733,0
3734,0
3738,0
3740,0
3746,0
3748,0
3751,0
3753,0
3755,0
3761,0
3765,0
3766,0
3768,0
3769,0
3770,0
3773,0
3775,0
3777,0
3780,0
3783,0
3784,0
3786,0
3787,0
3788,0
3789,0
3793,0
3795,0
3801,0
3803,0
3804,0
3805,0
3807,0
3814,0
3816,0
3817,0
3819,0
3820,0
3821,0
3822,0
3823,0
3825,0
3826,0
3827,0
3828,0
3831,0
3833,0
3838,0
3844,0
3845,0
3848,0
3849,0
3851,0
3853,0
3854,0
3857,0
3858,0
3860,0
3864,0
3870,0
3873,0
3875,0
3877,0
3883,0
3886,0
3889,0
3896,0
3898,0
3901,0
3902,0
3903,0
3906,0
3907,0
3908,0
3910,0
3913,0
3915,0
3917,0
3918,0
3919,0
3921,0
3922,0
3923,0
3924,0
3926,0
3928,0
3930,0
3932,0
3934,0
3939,0
3943,0
3944,0
3945,0
3946,0
3952,0
3954,0
3959,0
3961,0
3963,0
3966,0
3970,0
3974,0
3977,0
3981,0
3984,0
3996,0
4000,0
4001,0
4002,0
4003,0
4005,0
4007,0
4008,0
4010,0
4012,0
4018,0
4022,0
4023,0
4024,0
4025,0
4032,0
4033,0
4034,0
4037,0
4040,0
4042,0
4046,0
4052,0
4054,0
4056,0
4058,0
4062,0
4065,0
4066,0
4069,0
4070,0
4071,0
4074,0
4075,0
4076,0
4077,0
4080,0
4089,0
4090,0
4091,0
4092,0
4094,0
4095,0
4096,0
4100,0
4101,0
4104,0
4105,0
4106,0
4114,0
4116,0
4118,0
4120,0
4121,0
4124,0
4127,0
4128,0
4131,0
4135,0
4142,0
4144,0
4149,0
4150,0
4151,0
4152,0
4153,0
4154,0
4156,0
4158,0
4159,0
4161,0
4163,0
4165,0
4166,0
4169,0
4172,0
4174,0
4175,0
4178,0
4181,0
4183,0
4184,0
4186,0
4187,0
4188,0
4191,0
4193,0
4196,0
4197,0
4199,0
4200,0
4203,0
4204,0
4206,0
4211,0
4212,0
4213,0
4214,0
4215,0
4218,0
4221,0
4224,0
4225,0
4228,0
4232,0
4233,0
4237,0
4238,0
4239,0
4240,0
4242,0
4243,0
4248,0
4251,0
4254,0
4256,0
4257,0
4259,0
4261,0
4265,0
4266,0
4267,0
4273,0
4275,0
4276,0
4280,0
4281,0
4282,0
4287,0
4295,0
4302,0
4304,0
4305,0
4308,0
4310,0
4313,0
4314,0
4316,0
4320,0
4329,0
4330,0
4331,0
4332,0
4333,0
4336,0
4339,0
4341,0
4344,0
4352,0
4355,0
4359,0
4360,0
4367,0
4369,0
4370,0
4373,0
4375,0
4376,0
4383,0
4384,0
4385,0
4386,0
4390,0
4392,0
4393,0
4394,0
4398,0
4399,0
4401,0
4402,0
4403,0
4407,0
4409,0
4412,0
4413,0
4415,0
4416,0
4418,0
4422,0
4423,0
4426,0
4428,0
4430,0
4431,0
4432,0
4435,0
4438,0
4442,0
4443,0
4447,0
4449,0
4451,0
4453,0
4460,0
4462,0
4472,0
4474,0
4476,0
4477,0
4480,0
4485,0
4486,0
4488,0
4490,0
4491,0
4497,0
4498,0
4502,0
4505,0
4506,0
4508,0
4511,0
4513,0
4521,0
4524,0
4530,0
4531,0
4532,0
4533,0
4534,0
4535,0
4540,0
4541,0
4546,0
4547,0
4550,0
4556,0
4559,0
4560,0
4561,0
4564,0
4566,0
4567,0
4568,0
4569,0
4570,0
4576,0
4577,0
4582,0
4583,0
4586,0
4587,0
4588,0
4589,0
4591,0
4592,0
4594,0
4597,0
4601,0
4603,0
4609,0
4610,0
4613,0
4616,0
4621,0
4622,0
4625,0
4628,0
4629,0
4633,0
4634,0
4635,0
4636,0
4637,0
4638,0
4642,0
4645,0
4646,0
4652,0
4657,0
4659,0
4665,0
4669,0
4670,0
4676,0
4677,0
4684,0
4685,0
4686,0
4693,0
4696,0
4697,0
4698,0
4701,0
4704,0
4706,0
4707,0
4708,0
4709,0
4712,0
4714,0
4715,0
4721,0
4722,0
4724,0
4729,0
4730,0
4732,0
4733,0
4734,0
4740,0
4742,0
4743,0
4744,0
4750,0
4753,0
4755,0
4756,0
4757,0
4764,0
4765,0
4769,0
4773,0
4777,0
4780,0
4781,0
4783,0
4784,0
4786,0
4789,0
4792,0
4793,0
4794,0
4795,0
4797,0
4798,0
4801,0
4802,0
4804,0
4805,0
4806,0
4807,0
4808,0
4810,0
4813,0
4814,0
4816,0
4817,0
4818,0
4820,0
4821,0
4822,0
4827,0
4831,0
4832,0
4833,0
4845,0
4847,0
4857,0
4861,0
4863,0
4866,0
4868,0
4870,0
4874,0
4875,0
4877,0
4880,0
4883,0
4884,0
4885,0
4889,0
4890,0
4892,0
4895,0
4897,0
4898,0
4901,0
4908,0
4909,0
4910,0
4911,0
4912,0
4916,0
4917,0
4918,0
4919,0
4920,0
4922,0
4924,0
4926,0
4927,0
4936,0
4937,0
4940,0
4942,0
4951,0
4952,0
4955,0
4957,0
4961,0
4963,0
4965,0
4967,0
4969,0
4971,0
4972,0
4973,0
4974,0
4978,0
4980,0
4981,0
4985,0
4987,0
4989,0
4990,0
4991,0
4997,0
4998,0
5001,0
5002,0
5006,0
5007,0
5010,0
5011,0
5015,0
5020,0
5023,0
5027,0
5028,0
5029,0
5033,0
5039,0
5042,0
5043,0
5045,0
5046,0
5047,0
5048,0
5052,0
5054,0
5058,0
5059,0
5060,0
5063,0
5065,0
5067,0
5069,0
5070,0
5072,0
5073,0
5074,0
5075,0
5076,0
5077,0
5083,0
5085,0
5087,0
5090,0
5091,0
5094,0
5095,0
5098,0
5099,0
5100,0
5103,0
5105,0
5106,0
5108,0
5110,0
5112,0
5114,0
5115,0
5116,0
5117,0
5122,0
5130,0
5131,0
5133,0
5135,0
5138,0
5139,0
5143,0
5146,0
5148,0
5151,0
5152,0
5155,0
5160,0
5161,0
5163,0
5164,0
5165,0
5166,0
5171,0
5175,0
5179,0
5180,0
5183,0
5184,0
5185,0
5186,0
5192,0
5195,0
5197,0
5198,0
5199,0
5200,0
5202,0
5203,0
5206,0
5209,0
5212,0
5214,0
5217,0
5218,0
5220,0
5224,0
5229,0
5240,0
5242,0
5247,0
5248,0
5252,0
5254,0
5255,0
5257,0
5258,0
5261,0
5267,0
5269,0
5270,0
5272,0
5273,0
5280,0
5281,0
5282,0
5283,0
5284,0
5286,0
5288,0
5294,0
5295,0
5296,0
5299,0
5305,0
5307,0
5308,0
5310,0
5312,0
5314,0
5315,0
5317,0
5319,0
5322,0
5323,0
5326,0
5327,0
5328,0
5329,0
5330,0
5334,0
5335,0
5336,0
5337,0
5341,0
5342,0
5344,0
5345,0
5347,0
5350,0
5358,0
5361,0
5362,0
5365,0
5366,0
5367,0
5372,0
5373,0
5378,0
5379,0
5380,0
5383,0
5385,0
5386,0
5390,0
5395,0
5405,0
5407,0
5408,0
5410,0
5412,0
5421,0
5424,0
5425,0
5426,0
5427,0
5428,0
5429,0
5431,0
5433,0
5434,0
5440,0
5445,0
5449,0
5458,0
5460,0
5461,0
5463,0
5467,0
5468,0
5470,0
5472,0
5475,0
5481,0
5483,0
5485,0
5486,0
5489,0
5490,0
5491,0
5496,0
5497,0
5498,0
5500,0
5501,0
5506,0
5507,0
5508,0
5509,0
5510,0
5511,0
5512,0
5513,0
5518,0
5519,0
5523,0
5524,0
5531,0
5532,0
5534,0
5536,0
5537,0
5538,0
5539,0
5544,0
5545,0
5547,0
5548,0
5552,0
5554,0
5558,0
5562,0
5565,0
5569,0
5572,0
5576,0
5581,0
5583,0
5585,0
5586,0
5587,0
5589,0
5595,0
5600,0
5601,0
5602,0
5603,0
5604,0
5605,0
5606,0
5614,0
5616,0
5617,0
5623,0
5625,0
5626,0
5627,0
5628,0
5629,0
5630,0
5631,0
5632,0
5637,0
5638,0
5641,0
5647,0
5649,0
5651,0
5656,0
5660,0
5661,0
5662,0
5664,0
5668,0
5677,0
5680,0
5686,0
5690,0
5691,0
5695,0
5698,0
5701,0
5702,0
5707,0
5709,0
5711,0
5715,0
5716,0
5718,0
5720,0
5721,0
5724,0
5725,0
5726,0
5733,0
5737,0
5741,0
5742,0
5743,0
5746,0
5751,0
5753,0
5759,0
5766,0
5767,0
5771,0
5773,0
5775,0
5776,0
5777,0
5779,0
5781,0
5784,0
5787,0
5789,0
5790,0
5791,0
5794,0
5796,0
5799,0
5802,0
5810,0
5811,0
5813,0
5814,0
5815,0
5823,0
5827,0
5828,0
5831,0
5834,0
5836,0
5841,0
5843,0
5845,0
5846,0
5848,0
5852,0
5853,0
5857,0
5858,0
5859,0
5860,0
5866,0
5867,0
5871,0
5873,0
5879,0
5884,0
5886,0
5888,0
5891,0
5894,0
5896,0
5905,0
5907,0
5912,0
5914,0
5917,0
5922,0
5923,0
5925,0
5930,0
5933,0
5934,0
5936,0
5937,0
5941,0
5944,0
5945,0
5948,0
5951,0
5952,0
5954,0
5956,0
5958,0
5964,0
5966,0
5974,0
5978,0
5979,0
5980,0
5981,0
5982,0
5986,0
5989,0
5991,0
5992,0
5993,0
5994,0
5995,0
5997,0
5998,0
6002,0
6003,0
6004,0
6007,0
6008,0
6012,0
6015,0
6019,0
6020,0
6021,0
6023,0
6024,0
6030,0
6033,0
6035,0
6036,0
6038,0
6041,0
6043,0
6046,0
6051,0
6052,0
6060,0
6061,0
6062,0
6065,0
6066,0
6070,0
6072,0
6076,0
6077,0
6078,0
6079,0
6081,0
6085,0
6088,0
6098,0
6099,0
6100,0
6103,0
6105,0
6106,0
6107,0
6109,0
6110,0
6112,0
6113,0
6114,0
6115,0
6116,0
6121,0
6125,0
6126,0
6127,0
6128,0
6130,0
6131,0
6132,0
6135,0
6140,0
6142,0
6143,0
6144,0
6147,0
6149,0
6152,0
6154,0
6156,0
6157,0
6159,0
6160,0
6162,0
6166,0
6169,0
6172,0
6174,0
6175,0
6177,0
6179,0
6181,0
6183,0
6184,0
6186,0
6187,0
6188,0
6190,0
6191,0
6193,0
6194,0
6196,0
6197,0
6204,0
6205,0
6207,0
6209,0
6210,0
6212,0
6214,0
6218,0
6220,0
6222,0
6223,0
6227,0
6230,0
6233,0
6235,0
6236,0
6237,0
6248,0
6252,0
6253,0
6255,0
6256,0
6264,0
6265,0
6271,0
6272,0
6273,0
6274,0
6275,0
6276,0
6278,0
6283,0
6284,0
6285,0
6288,0
6289,0
6291,0
6293,0
6299,0
6305,0
6307,0
6308,0
6311,0
6314,0
6315,0
6317,0
6325,0
6327,0
6328,0
6331,0
6333,0
6334,0
6335,0
6338,0
6339,0
6345,0
6349,0
6351,0
6357,0
6360,0
6362,0
6364,0
6367,0
6368,0
6369,0
6373,0
6375,0
6380,0
6384,0
6386,0
6387,0
6389,0
6390,0
6391,0
6393,0
6394,0
6395,0
6396,0
6398,0
6400,0
6401,0
6403,0
6405,0
6406,0
6407,0
6408,0
6414,0
6415,0
6416,0
6418,0
6419,0
6422,0
6423,0
6424,0
6425,0
6428,0
6436,0
6437,0
6438,0
6440,0
6442,0
6444,0
6446,0
6449,0
6450,0
6451,0
6453,0
6463,0
6466,0
6470,0
6473,0
6474,0
6481,0
6482,0
6485,0
6488,0
6490,0
6491,0
6492,0
6494,0
6495,0
6496,0
6497,0
6498,0
6500,0
6505,0
6508,0
6509,0
6517,0
6518,0
6523,0
6528,0
6530,0
6533,0
6535,0
6536,0
6538,0
6540,0
6542,0
6544,0
6546,0
6547,0
6548,0
6550,0
6551,0
6556,0
6559,0
6560,0
6561,0
6562,0
6563,0
6567,0
6568,0
6572,0
6573,0
6578,0
6580,0
6583,0
6585,0
6588,0
6589,0
6591,0
6595,0
6601,0
6608,0
6611,0
6612,0
6616,0
6617,0
6620,0
6622,0
6623,0
6625,0
6626,0
6634,0
6635,0
6636,0
6638,0
6640,0
6642,0
6646,0
6647,0
6649,0
6650,0
6655,0
6657,0
6659,0
6660,0
6666,0
6676,0
6678,0
6681,0
6682,0
6685,0
6690,0
6691,0
6692,0
6693,0
6696,0
6701,0
6703,0
6708,0
6712,0
6717,0
6719,0
6721,0
6724,0
6725,0
6727,0
6732,0
6734,0
6738,0
6739,0
6742,0
6743,0
6746,0
6747,0
6750,0
6751,0
6752,0
6754,0
6756,0
6757,0
6763,0
6764,0
6766,0
6767,0
6768,0
6769,0
6770,0
6773,0
6774,0
6776,0
6778,0
6779,0
6781,0
6786,0
6787,0
6789,0
6793,0
6794,0
6795,0
6796,0
6797,0
6798,0
6800,0
6813,0
6815,0
6816,0
6820,0
6821,0
6822,0
6823,0
6828,0
6832,0
6833,0
6836,0
6837,0
6838,0
6840,0
6841,0
6842,0
6845,0
6850,0
6851,0
6854,0
6862,0
6863,0
6866,0
6867,0
6868,0
6870,0
6875,0
6877,0
6881,0
6882,0
6884,0
6885,0
6887,0
6890,0
6891,0
6896,0
6897,0
6899,0
6901,0
6907,0
6909,0
6911,0
6912,0
6913,0
6916,0
6922,0
6924,0
6925,0
6926,0
6929,0
6930,0
6933,0
6935,0
6936,0
6938,0
6940,0
6941,0
6948,0
6951,0
6954,0
6957,0
6958,0
6962,0
6963,0
6966,0
6971,0
6972,0
6973,0
6975,0
6976,0
6977,0
6979,0
6981,0
6986,0
6988,0
6989,0
6991,0
6992,0
6994,0
6996,0
6998,0
7000,0
7005,0
7007,0
7010,0
7011,0
7012,0
7015,0
7017,0
7023,0
7029,0
7030,0
7031,0
7032,0
7033,0
7034,0
7036,0
7039,0
7043,0
7046,0
7047,0
7048,0
7051,0
7054,0
7056,0
7057,0
7059,0
7061,0
7062,0
7064,0
7069,0
7072,0
7075,0
7076,0
7080,0
7081,0
7086,0
7088,0
7089,0
7092,0
7093,0
7095,0
7096,0
7100,0
7101,0
7102,0
7106,0
7108,0
7112,0
7116,0
7117,0
7121,0
7122,0
7123,0
7125,0
7126,0
7127,0
7129,0
7130,0
7131,0
7134,0
7138,0
7140,0
7142,0
7144,0
7146,0
7150,0
7152,0
7153,0
7155,0
7156,0
7157,0
7160,0
7162,0
7165,0
7167,0
7168,0
7170,0
7171,0
7173,0
7176,0
7180,0
7181,0
7185,0
7188,0
7197,0
7202,0
7203,0
7204,0
7205,0
7206,0
7209,0
7210,0
7211,0
7213,0
7214,0
7220,0
7221,0
7222,0
7224,0
7226,0
7227,0
7228,0
7229,0
7232,0
7233,0
7235,0
7237,0
7238,0
7240,0
7242,0
7243,0
7244,0
7245,0
7247,0
7248,0
7249,0
7250,0
7251,0
7253,0
7255,0
7261,0
7262,0
7263,0
7264,0
7266,0
7270,0
7276,0
7284,0
7285,0
7290,0
7295,0
7297,0
7299,0
7300,0
7301,0
7302,0
7305,0
7306,0
7312,0
7314,0
7318,0
7321,0
7322,0
7323,0
7324,0
7325,0
7328,0
7330,0
7333,0
7335,0
7339,0
7340,0
7341,0
7342,0
7343,0
7345,0
7347,0
7349,0
7350,0
7351,0
7352,0
7358,0
7361,0
7363,0
7365,0
7369,0
7372,0
7374,0
7375,0
7379,0
7381,0
7382,0
7383,0
7386,0
7389,0
7390,0
7391,0
7392,0
7399,0
7400,0
7402,0
7405,0
7406,0
7410,0
7411,0
7414,0
7418,0
7419,0
7420,0
7421,0
7424,0
7425,0
7428,0
7430,0
7431,0
7432,0
7434,0
7440,0
7442,0
7444,0
7447,0
7449,0
7450,0
7452,0
7458,0
7460,0
7464,0
7467,0
7469,0
7472,0
7476,0
7481,0
7485,0
7486,0
7487,0
7488,0
7491,0
7493,0
7497,0
7498,0
7508,0
7509,0
7516,0
7518,0
7521,0
7527,0
7532,0
7534,0
7537,0
7538,0
7539,0
7540,0
7543,0
7544,0
7545,0
7548,0
7549,0
7551,0
7553,0
7554,0
7559,0
7561,0
7566,0
7569,0
7570,0
7574,0
7577,0
7579,0
7580,0
7581,0
7582,0
7583,0
7584,0
7590,0
7592,0
7594,0
7595,0
7596,0
7597,0
7598,0
7601,0
7603,0
7605,0
7607,0
7611,0
7615,0
7618,0
7619,0
7622,0
7624,0
7625,0
7626,0
7628,0
7629,0
7630,0
7634,0
7637,0
7638,0
7640,0
7641,0
7643,0
7644,0
7647,0
7653,0
7654,0
7657,0
7658,0
7660,0
7662,0
7664,0
7667,0
7670,0
7671,0
7672,0
7673,0
7676,0
7678,0
7682,0
7688,0
7692,0
7697,0
7703,0
7704,0
7709,0
7715,0
7716,0
7718,0
7721,0
7722,0
7725,0
7727,0
7732,0
7737,0
7739,0
7740,0
7741,0
7747,0
7750,0
7754,0
7756,0
7758,0
7760,0
7765,0
7769,0
7771,0
7774,0
7775,0
7781,0
7785,0
7787,0
7789,0
7792,0
7798,0
7799,0
7800,0
7802,0
7806,0
7807,0
7808,0
7809,0
7816,0
7820,0
7822,0
7828,0
7830,0
7833,0
7836,0
7838,0
7840,0
7841,0
7843,0
7846,0
7847,0
7848,0
7849,0
7850,0
7851,0
7853,0
7855,0
7857,0
7860,0
7865,0
7867,0
7873,0
7876,0
7880,0
7881,0
7882,0
7884,0
7886,0
7888,0
7889,0
7890,0
7892,0
7894,0
7896,0
7897,0
7898,0
7900,0
7902,0
7904,0
7905,0
7907,0
7910,0
7916,0
7918,0
7919,0
7921,0
7923,0
7925,0
7927,0
7931,0
7934,0
7935,0
7936,0
7939,0
7940,0
7943,0
7945,0
7947,0
7949,0
7950,0
7951,0
7956,0
7957,0
7958,0
7960,0
7961,0
7964,0
7965,0
7967,0
7968,0
7969,0
7975,0
7982,0
7983,0
7988,0
7989,0
7993,0
7995,0
8000,0
8001,0
8003,0
8004,0
8006,0
8010,0
8011,0
8013,0
8016,0
8017,0
8018,0
8019,0
8022,0
8029,0
8030,0
8035,0
8040,0
8041,0
8042,0
8043,0
8045,0
8046,0
8050,0
8051,0
8052,0
8061,0
8076,0
8077,0
8078,0
8081,0
8083,0
8084,0
8085,0
8086,0
8087,0
8088,0
8089,0
8090,0
8096,0
8097,0
8099,0
8100,0
8102,0
8106,0
8109,0
8111,0
8112,0
8122,0
8124,0
8126,0
8127,0
8128,0
8133,0
8134,0
8135,0
8138,0
8139,0
8140,0
8145,0
8148,0
8151,0
8152,0
8154,0
8155,0
8156,0
8158,0
8159,0
8163,0
8164,0
8168,0
8170,0
8171,0
8174,0
8175,0
8182,0
8184,0
8187,0
8189,0
8193,0
8195,0
8196,0
8199,0
8200,0
8202,0
8203,0
8206,0
8207,0
8212,0
8217,0
8221,0
8223,0
8231,0
8232,0
8234,0
8236,0
8237,0
8239,0
8245,0
8246,0
8247,0
8252,0
8256,0
8258,0
8261,0
8263,0
8264,0
8266,0
8267,0
8270,0
8275,0
8278,0
8281,0
8282,0
8283,0
8284,0
8285,0
8286,0
8288,0
8290,0
8291,0
8293,0
8295,0
8296,0
8302,0
8307,0
8308,0
8309,0
8314,0
8317,0
8319,0
8320,0
8323,0
8325,0
8326,0
8330,0
8334,0
8338,0
8342,0
8348,0
8349,0
8352,0
8353,0
8356,0
8357,0
8360,0
8361,0
8376,0
8377,0
8378,0
8379,0
8381,0
8386,0
8388,0
8390,0
8391,0
8393,0
8394,0
8395,0
8397,0
8398,0
8400,0
8402,0
8406,0
8407,0
8409,0
8412,0
8413,0
8416,0
8417,0
8418,0
8419,0
8421,0
8422,0
8423,0
8430,0
8432,0
8436,0
8444,0
8447,0
8448,0
8449,0
8457,0
8460,0
8462,0
8465,0
8468,0
8470,0
8474,0
8477,0
8478,0
8482,0
8486,0
8489,0
8495,0
8497,0
8500,0
8501,0
8506,0
8508,0
8509,0
8511,0
8514,0
8517,0
8519,0
8523,0
8526,0
8530,0
8531,0
8533,0
8537,0
8539,0
8540,0
8541,0
8542,0
8543,0
8556,0
8557,0
8561,0
8565,0
8567,0
8573,0
8574,0
8575,0
8577,0
8578,0
8580,0
8583,0
8585,0
8586,0
8587,0
8592,0
8596,0
8598,0
8599,0
8600,0
8603,0
8605,0
8606,0
8609,0
8611,0
8612,0
8613,0
8615,0
8616,0
8617,0
8620,0
8623,0
8626,0
8628,0
8629,0
8632,0
8633,0
8635,0
8638,0
8639,0
8644,0
8654,0
8657,0
8660,0
8661,0
8663,0
8666,0
8667,0
8668,0
8670,0
8675,0
8679,0
8680,0
8681,0
8682,0
8685,0
8687,0
8688,0
8693,0
8704,0
8705,0
8706,0
8709,0
8711,0
8713,0
8715,0
8717,0
8720,0
8723,0
8728,0
8729,0
8733,0
8734,0
8740,0
8744,0
8745,0
8754,0
8755,0
8756,0
8757,0
8759,0
8762,0
8763,0
8764,0
8765,0
8769,0
8770,0
8773,0
8774,0
8776,0
8777,0
8779,0
8780,0
8781,0
8785,0
8789,0
8793,0
8794,0
8795,0
8798,0
8802,0
8804,0
8806,0
8807,0
8808,0
8811,0
8815,0
8817,0
8820,0
8824,0
8829,0
8831,0
8835,0
8836,0
8841,0
8842,0
8844,0
8846,0
8847,0
8848,0
8851,0
8852,0
8854,0
8856,0
8857,0
8859,0
8860,0
8870,0
8873,0
8874,0
8875,0
8880,0
8881,0
8883,0
8885,0
8888,0
8889,0
8890,0
8892,0
8896,0
8898,0
8899,0
8900,0
8901,0
8904,0
8905,0
8907,0
8908,0
8911,0
8915,0
8918,0
8919,0
8921,0
8924,0
8926,0
8929,0
8930,0
8932,0
8935,0
8937,0
8938,0
8939,0
8941,0
8945,0
8946,0
8947,0
8949,0
8954,0
8960,0
8962,0
8965,0
8966,0
8967,0
8969,0
8970,0
8971,0
8972,0
8973,0
8975,0
8976,0
8978,0
8979,0
8980,0
8981,0
8984,0
8985,0
8987,0
8992,0
8994,0
8997,0
9000,0
9003,0
9005,0
9008,0
9009,0
9010,0
9011,0
9016,0
9019,0
9020,0
9023,0
9024,0
9025,0
9028,0
9031,0
9032,0
9034,0
9037,0
9038,0
9039,0
9041,0
9042,0
9043,0
9047,0
9048,0
9049,0
9053,0
9054,0
9055,0
9057,0
9059,0
9060,0
9061,0
9062,0
9063,0
9065,0
9067,0
9070,0
9072,0
9074,0
9075,0
9079,0
9080,0
9081,0
9082,0
9084,0
9086,0
9087,0
9090,0
9092,0
9095,0
9099,0
9100,0
9101,0
9102,0
9103,0
9105,0
9109,0
9113,0
9116,0
9117,0
9119,0
9121,0
9123,0
9126,0
9127,0
9128,0
9130,0
9134,0
9135,0
9137,0
9139,0
9140,0
9142,0
9143,0
9145,0
9146,0
9147,0
9148,0
9151,0
9152,0
9153,0
9156,0
9157,0
9159,0
9163,0
9164,0
9167,0
9168,0
9173,0
9176,0
9177,0
9178,0
9186,0
9187,0
9193,0
9195,0
9196,0
9197,0
9198,0
9200,0
9203,0
9205,0
9206,0
9211,0
9212,0
9213,0
9214,0
9215,0
9219,0
9221,0
9222,0
9223,0
9224,0
9225,0
9226,0
9231,0
9232,0
9233,0
9234,0
9236,0
9238,0
9243,0
9244,0
9246,0
9248,0
9249,0
9252,0
9255,0
9259,0
9260,0
9261,0
9264,0
9265,0
9266,0
9270,0
9273,0
9274,0
9276,0
9282,0
9283,0
9289,0
9298,0
9300,0
9301,0
9307,0
9308,0
9316,0
9317,0
9320,0
9321,0
9324,0
9325,0
9331,0
9332,0
9336,0
9337,0
9346,0
9347,0
9357,0
9360,0
9363,0
9366,0
9367,0
9368,0
9371,0
9375,0
9379,0
9382,0
9383,0
9388,0
9389,0
9390,0
9391,0
9401,0
9402,0
9405,0
9406,0
9408,0
9409,0
9414,0
9417,0
9419,0
9420,0
9422,0
9423,0
9425,0
9427,0
9429,0
9431,0
9432,0
9441,0
9444,0
9446,0
9447,0
9451,0
9456,0
9457,0
9458,0
9466,0
9468,0
9473,0
9475,0
9477,0
9478,0
9479,0
9484,0
9487,0
9488,0
9490,0
9491,0
9498,0
9501,0
9506,0
9510,0
9512,0
9515,0
9517,0
9519,0
9523,0
9525,0
9526,0
9528,0
9530,0
9531,0
9534,0
9535,0
9536,0
9538,0
9543,0
9544,0
9545,0
9550,0
9551,0
9559,0
9561,0
9565,0
9567,0
9570,0
9571,0
9576,0
9581,0
9583,0
9585,0
9586,0
9590,0
9591,0
9593,0
9594,0
9599,0
9600,0
9603,0
9607,0
9609,0
9610,0
9611,0
9612,0
9614,0
9616,0
9618,0
9620,0
9622,0
9628,0
9629,0
9630,0
9633,0
9634,0
9636,0
9637,0
9638,0
9645,0
9646,0
9648,0
9650,0
9651,0
9655,0
9656,0
9657,0
9658,0
9659,0
9662,0
9663,0
9665,0
9669,0
9674,0
9675,0
9677,0
9680,0
9681,0
9683,0
9684,0
9686,0
9688,0
9690,0
9691,0
9693,0
9695,0
9700,0
9703,0
9704,0
9713,0
9716,0
9718,0
9720,0
9726,0
9728,0
9729,0
9730,0
9731,0
9737,0
9741,0
9745,0
9746,0
9748,0
9750,0
9753,0
9756,0
9767,0
9768,0
9773,0
9775,0
9777,0
9781,0
9783,0
9785,0
9786,0
9788,0
9790,0
9791,0
9792,0
9793,0
9794,0
9795,0
9796,0
9797,0
9798,0
9802,0
9804,0
9805,0
9809,0
9817,0
9819,0
9820,0
9822,0
9823,0
9825,0
9827,0
9829,0
9831,0
9833,0
9834,0
9838,0
9841,0
9843,0
9845,0
9848,0
9849,0
9850,0
9851,0
9853,0
9854,0
9855,0
9859,0
9864,0
9867,0
9869,0
9872,0
9874,0
9876,0
9879,0
9880,0
9881,0
9883,0
9884,0
9887,0
9889,0
9890,0
9897,0
9900,0
9902,0
9904,0
9906,0
9907,0
9910,0
9914,0
9916,0
9917,0
9918,0
9921,0
9923,0
9925,0
9928,0
9930,0
9938,0
9941,0
9942,0
9944,0
9948,0
9953,0
9956,0
9961,0
9963,0
9966,0
9968,0
9970,0
9971,0
9974,0
9977,0
9978,0
9980,0
9982,0
9983,0
9985,0
9990,0
9991,0
9992,0
9993,0
9994,0
9995,0
9997,0
9998,0
10002,0
10003,0
10004,0
10005,0
10014,0
10015,0
10016,0
10017,0
10019,0
10020,0
10022,0
10023,0
10024,0
10025,0
10027,0
10035,0
10040,0
10041,0
10045,0
10048,0
10050,0
10054,0
10056,0
10057,0
10058,0
10059,0
10063,0
10064,0
10066,0
10067,0
10068,0
10069,0
10070,0
10071,0
10078,0
10079,0
10080,0
10084,0
10086,0
10087,0
10088,0
10090,0
10093,0
10094,0
10095,0
10096,0
10098,0
10099,0
10100,0
10101,0
10104,0
10110,0
10111,0
10112,0
10113,0
10114,0
10116,0
10117,0
10121,0
10124,0
10125,0
10126,0
10130,0
10131,0
10133,0
10135,0
10136,0
10137,0
10141,0
10142,0
10143,0
10145,0
10151,0
10152,0
10153,0
10154,0
10155,0
10156,0
10157,0
10158,0
10159,0
10164,0
10166,0
10169,0
10171,0
10172,0
10174,0
10175,0
10177,0
10179,0
10181,0
10183,0
10185,0
10186,0
10187,0
10188,0
10191,0
10192,0
10195,0
10196,0
10198,0
10199,0
10200,0
10201,0
10203,0
10209,0
10211,0
10212,0
10214,0
10216,0
10217,0
10218,0
10220,0
10224,0
10227,0
10230,0
10231,0
10233,0
10234,0
10237,0
10238,0
10239,0
10240,0
10247,0
10248,0
10251,0
10254,0
10257,0
10258,0
10260,0
10264,0
10265,0
10266,0
10268,0
10269,0
10273,0
10280,0
10281,0
10287,0
10288,0
10290,0
10291,0
10293,0
10298,0
10300,0
10303,0
10305,0
10308,0
10309,0
10311,0
10312,0
10315,0
10316,0
10317,0
10319,0
10322,0
10328,0
10330,0
10331,0
10338,0
10339,0
10341,0
10342,0
10344,0
10348,0
10351,0
10355,0
10356,0
10362,0
10363,0
10364,0
10367,0
10370,0
10372,0
10373,0
10376,0
10380,0
10385,0
10390,0
10393,0
10394,0
10401,0
10402,0
10404,0
10405,0
10406,0
10408,0
10409,0
10410,0
10412,0
10414,0
10418,0
10419,0
10421,0
10423,0
10428,0
10430,0
10431,0
10435,0
10436,0
10437,0
10440,0
10441,0
10442,0
10445,0
10446,0
10447,0
10448,0
10449,0
10451,0
10454,0
10457,0
10459,0
10460,0
10462,0
10465,0
10466,0
10470,0
10475,0
10476,0
10479,0
10480,0
10482,0
10484,0
10485,0
10488,0
10490,0
10495,0
10501,0
10503,0
10507,0
10509,0
10510,0
10511,0
10512,0
10514,0
10517,0
10520,0
10521,0
10522,0
10524,0
10525,0
10526,0
10528,0
10530,0
10536,0
10540,0
10541,0
10543,0
10544,0
10546,0
10547,0
10548,0
10550,0
10551,0
10552,0
10555,0
10556,0
10557,0
10570,0
10575,0
10576,0
10577,0
10578,0
10579,0
10582,0
10583,0
10585,0
10588,0
10592,0
10594,0
10595,0
10599,0
10604,0
10605,0
10606,0
10607,0
10608,0
10610,0
10613,0
10621,0
10622,0
10625,0
10628,0
10630,0
10631,0
10636,0
10637,0
10646,0
10651,0
10652,0
10659,0
10661,0
10662,0
10663,0
10665,0
10668,0
10672,0
10673,0
10677,0
10679,0
10683,0
10684,0
10692,0
10693,0
10695,0
10700,0
10702,0
10703,0
10707,0
10711,0
10712,0
10716,0
10719,0
10721,0
10722,0
10723,0
10724,0
10727,0
10730,0
10734,0
10735,0
10739,0
10740,0
10741,0
10744,0
10746,0
10747,0
10751,0
10752,0
10753,0
10754,0
10755,0
10758,0
10759,0
10762,0
10763,0
10764,0
10768,0
10772,0
10773,0
10774,0
10775,0
10776,0
10777,0
10778,0
10780,0
10783,0
10784,0
10786,0
10787,0
10792,0
10795,0
10798,0
10799,0
10800,0
10801,0
10802,0
10803,0
10804,0
10808,0
10809,0
10810,0
10811,0
10812,0
10813,0
10814,0
10821,0
10822,0
10823,0
10824,0
10825,0
10829,0
10831,0
10838,0
10848,0
10849,0
10850,0
10852,0
10856,0
10859,0
10860,0
10861,0
10862,0
10870,0
10874,0
10875,0
10879,0
10880,0
10881,0
10882,0
10884,0
10888,0
10889,0
10890,0
10895,0
10897,0
10902,0
10903,0
10904,0
10905,0
10906,0
10908,0
10916,0
10917,0
10924,0
10926,0
10927,0
10931,0
10933,0
10934,0
10946,0
10948,0
10949,0
10950,0
10959,0
10963,0
10965,0
10966,0
10968,0
10973,0
10974,0
10976,0
10979,0
10980,0
10989,0
10994,0
10995,0
10996,0
10999,0
11000,0
11003,0
11004,0
11007,0
11009,0
11019,0
11020,0
11025,0
11027,0
11028,0
11030,0
11032,0
11035,0
11036,0
11040,0
11044,0
11052,0
11054,0
11058,0
11059,0
11060,0
11063,0
11064,0
11065,0
11067,0
11075,0
11076,0
11079,0
11081,0
11083,0
11085,0
11087,0
11089,0
11091,0
11092,0
11093,0
11095,0
11096,0
11100,0
11101,0
11103,0
11105,0
11106,0
11107,0
11110,0
11111,0
11115,0
11116,0
11118,0
11121,0
11122,0
11124,0
11128,0
11130,0
11134,0
11137,0
11140,0
11141,0
11142,0
11144,0
11148,0
11149,0
11151,0
11159,0
11161,0
11163,0
11164,0
11168,0
11171,0
11173,0
11175,0
11176,0
11179,0
11182,0
11183,0
11184,0
11186,0
11187,0
11188,0
11190,0
11191,0
11194,0
11195,0
11199,0
11200,0
11201,0
11203,0
11204,0
11209,0
11210,0
11214,0
11215,0
11216,0
11218,0
11223,0
11225,0
11228,0
11229,0
11232,0
11233,0
11237,0
11238,0
11239,0
11243,0
11247,0
11250,0
11252,0
11253,0
11257,0
11260,0
11268,0
11269,0
11272,0
11273,0
11276,0
11283,0
11288,0
11290,0
11291,0
11295,0
11297,0
11299,0
11302,0
11303,0
11305,0
11315,0
11317,0
11319,0
11324,0
11326,0
11330,0
11331,0
11334,0
11340,0
11342,0
11345,0
11348,0
11349,0
11352,0
11358,0
11359,0
11361,0
11363,0
11365,0
11367,0
11371,0
11376,0
11379,0
11384,0
11386,0
11387,0
11391,0
11396,0
11399,0
11400,0
11401,0
11402,0
11403,0
11405,0
11407,0
11408,0
11410,0
11411,0
11416,0
11418,0
11419,0
11427,0
11428,0
11431,0
11434,0
11436,0
11437,0
11442,0
11447,0
11448,0
11449,0
11451,0
11454,0
11455,0
11456,0
11463,0
11465,0
11466,0
11472,0
11474,0
11479,0
11480,0
11483,0
11484,0
11488,0
11494,0
11496,0
11497,0
11498,0
11504,0
11506,0
11507,0
11508,0
11509,0
11510,0
11511,0
11513,0
11517,0
11523,0
11528,0
11529,0
11530,0
11532,0
11534,0
11536,0
11543,0
11546,0
11548,0
11549,0
11551,0
11552,0
11555,0
11556,0
11559,0
11560,0
11561,0
11562,0
11565,0
11566,0
11569,0
11572,0
11576,0
11579,0
11580,0
11582,0
11583,0
11587,0
11588,0
11590,0
11591,0
11592,0
11593,0
11594,0
11595,0
11596,0
11601,0
11604,0
11605,0
11606,0
11608,0
11610,0
11616,0
11621,0
11622,0
11623,0
11629,0
11630,0
11631,0
11633,0
11634,0
11638,0
11640,0
11643,0
11644,0
11645,0
11650,0
11654,0
11659,0
11662,0
11663,0
11664,0
11665,0
11666,0
11669,0
11671,0
11675,0
11682,0
11686,0
11691,0
11692,0
11693,0
11694,0
11700,0
11701,0
11703,0
11704,0
11705,0
11707,0
11709,0
11716,0
11718,0
11719,0
11720,0
11722,0
11726,0
11728,0
11729,0
11732,0
11735,0
11738,0
11739,0
11740,0
11741,0
11743,0
11746,0
11749,0
11751,0
11752,0
11754,0
11757,0
11759,0
11760,0
11761,0
11763,0
11764,0
11769,0
11776,0
11777,0
11780,0
11784,0
11785,0
11788,0
11789,0
11792,0
11809,0
11810,0
11811,0
11812,0
11815,0
11816,0
11817,0
11823,0
11824,0
11827,0
11828,0
11830,0
11831,0
11832,0
11834,0
11836,0
11838,0
11839,0
11846,0
11847,0
11848,0
11851,0
11852,0
11854,0
11855,0
11856,0
11858,0
11859,0
11860,0
11870,0
11872,0
11873,0
11875,0
11878,0
11880,0
11885,0
11893,0
11894,0
11895,0
11897,0
11898,0
11899,0
11902,0
11903,0
11905,0
11908,0
11909,0
11917,0
11919,0
11921,0
11924,0
11926,0
11927,0
11934,0
11939,0
11942,0
11943,0
11945,0
11948,0
11951,0
11955,0
11956,0
11958,0
11966,0
11968,0
11970,0
11971,0
11973,0
11977,0
11979,0
11980,0
11981,0
11982,0
11984,0
11985,0
11987,0
11989,0
11992,0
11996,0
11997,0
12000,0
12002,0
12006,0
12011,0
12012,0
12013,0
12017,0
12018,0
12021,0
12025,0
12027,0
12028,0
12035,0
12036,0
12041,0
12046,0
12047,0
12053,0
12056,0
12058,0
12060,0
12061,0
12062,0
12066,0
12067,0
12069,0
12073,0
12078,0
12079,0
12080,0
12081,0
12082,0
12083,0
12085,0
12086,0
12090,0
12093,0
12096,0
12098,0
12100,0
12101,0
12104,0
12105,0
12110,0
12111,0
12116,0
12117,0
12118,0
12122,0
12123,0
12124,0
12125,0
12126,0
12127,0
12130,0
12135,0
12138,0
12139,0
12142,0
12145,0
12148,0
12151,0
12152,0
12153,0
12156,0
12157,0
12160,0
12165,0
12167,0
12170,0
12173,0
12175,0
12176,0
12181,0
12182,0
12183,0
12188,0
12190,0
12191,0
12193,0
12195,0
12199,0
12201,0
12202,0
12203,0
12205,0
12206,0
12207,0
12209,0
12212,0
12214,0
12218,0
12220,0
12221,0
12224,0
12227,0
12229,0
12236,0
12237,0
12244,0
12255,0
12256,0
12258,0
12265,0
12268,0
12269,0
12273,0
12276,0
12277,0
12278,0
12281,0
12282,0
12294,0
12296,0
12298,0
12299,0
12300,0
12301,0
12302,0
12303,0
12304,0
12307,0
12308,0
12311,0
12316,0
12321,0
12323,0
12331,0
12332,0
12333,0
12334,0
12336,0
12338,0
12340,0
12341,0
12347,0
12349,0
12351,0
12353,0
12356,0
12357,0
12360,0
12362,0
12363,0
12364,0
12365,0
12367,0
12370,0
12373,0
12374,0
12377,0
12379,0
12380,0
12382,0
12383,0
12384,0
12389,0
12395,0
12398,0
12399,0
12400,0
12406,0
12408,0
12413,0
12419,0
12420,0
12423,0
12426,0
12427,0
12429,0
12432,0
12433,0
12434,0
12436,0
12437,0
12439,0
12444,0
12450,0
12460,0
12461,0
12463,0
12464,0
12472,0
12481,0
12484,0
12485,0
12486,0
12492,0
12493,0
12495,0
12496,0
12500,0
12502,0
12506,0
12510,0
12512,0
12513,0
12518,0
12519,0
12522,0
12526,0
12527,0
12528,0
12529,0
12531,0
12534,0
12535,0
12538,0
12550,0
12551,0
12552,0
12555,0
12556,0
12558,0
12560,0
12561,0
12562,0
12563,0
12565,0
12567,0
12570,0
12573,0
12576,0
12579,0
12580,0
12581,0
12584,0
12585,0
12586,0
12592,0
12593,0
12597,0
12600,0
12606,0
12607,0
12611,0
12615,0
12618,0
12621,0
12623,0
12624,0
12625,0
12627,0
12630,0
12631,0
12632,0
12633,0
12635,0
12636,0
12640,0
12642,0
12643,0
12644,0
12645,0
12650,0
12653,0
12657,0
12662,0
12663,0
12664,0
12666,0
12671,0
12674,0
12675,0
12681,0
12684,0
12693,0
12698,0
12699,0
12700,0
12701,0
12703,0
12706,0
12708,0
12709,0
12710,0
12715,0
12717,0
12719,0
12721,0
12722,0
12723,0
12724,0
12725,0
12726,0
12727,0
12728,0
12733,0
12734,0
12736,0
12737,0
12739,0
12744,0
12745,0
12747,0
12749,0
12751,0
12753,0
12754,0
12759,0
12763,0
12768,0
12769,0
12771,0
12772,0
12773,0
12774,0
12775,0
12779,0
12784,0
12790,0
12794,0
12795,0
12797,0
12799,0
12803,0
12804,0
12806,0
12811,0
12812,0
12814,0
12816,0
12818,0
12822,0
12824,0
12827,0
12830,0
12833,0
12837,0
12839,0
12840,0
12844,0
12845,0
12846,0
12847,0
12849,0
12851,0
12852,0
12855,0
12857,0
12859,0
12861,0
12862,0
12867,0
12877,0
12879,0
12884,0
12886,0
12888,0
12889,0
12891,0
12894,0
12898,0
12905,0
12906,0
12907,0
12909,0
12910,0
12913,0
12915,0
12916,0
12920,0
12928,0
12935,0
12937,0
12938,0
12940,0
12942,0
12943,0
12945,0
12946,0
12948,0
12950,0
12951,0
12954,0
12955,0
12959,0
12960,0
12961,0
12964,0
12966,0
12967,0
12969,0
12971,0
12972,0
12974,0
12979,0
12988,0
12992,0
12993,0
12994,0
12996,0
12997,0
12999,0
13000,0
13001,0
13003,0
13004,0
13006,0
13007,0
13008,0
13009,0
13010,0
13016,0
13020,0
13021,0
13023,0
13024,0
13025,0
13031,0
13034,0
13035,0
13039,0
13040,0
13041,0
13042,0
13043,0
13045,0
13046,0
13052,0
13057,0
13058,0
13059,0
13062,0
13071,0
13073,0
13074,0
13075,0
13077,0
13078,0
13079,0
13082,0
13084,0
13085,0
13087,0
13090,0
13093,0
13096,0
13098,0
13101,0
13102,0
13104,0
13105,0
13108,0
13113,0
13115,0
13116,0
13121,0
13123,0
13125,0
13126,0
13130,0
13131,0
13134,0
13137,0
13139,0
13143,0
13147,0
13148,0
13151,0
13155,0
13157,0
13164,0
13165,0
13166,0
13172,0
13173,0
13174,0
13175,0
13176,0
13178,0
13179,0
13180,0
13182,0
13183,0
13184,0
13186,0
13188,0
13189,0
13190,0
13194,0
13195,0
13198,0
13199,0
13200,0
13201,0
13203,0
13205,0
13209,0
13211,0
13214,0
13216,0
13217,0
13218,0
13219,0
13224,0
13225,0
13229,0
13234,0
13240,0
13243,0
13244,0
13246,0
13247,0
13251,0
13252,0
13253,0
13258,0
13259,0
13263,0
13264,0
13266,0
13267,0
13268,0
13272,0
13273,0
13280,0
13281,0
13283,0
13286,0
13287,0
13288,0
13289,0
13290,0
13292,0
13295,0
13296,0
13297,0
13298,0
13302,0
13305,0
13307,0
13309,0
13310,0
13312,0
13313,0
13317,0
13319,0
13321,0
13323,0
13324,0
13325,0
13326,0
13329,0
13330,0
13334,0
13339,0
13340,0
13344,0
13347,0
13348,0
13352,0
13353,0
13354,0
13356,0
13358,0
13359,0
13361,0
13362,0
13363,0
13364,0
13366,0
13368,0
13370,0
13374,0
13375,0
13376,0
13377,0
13386,0
13394,0
13395,0
13398,0
13399,0
13400,0
13402,0
13403,0
13405,0
13408,0
13412,0
13419,0
13420,0
13421,0
13424,0
13427,0
13430,0
13433,0
13436,0
13439,0
13442,0
13444,0
13446,0
13448,0
13452,0
13453,0
13458,0
13459,0
13460,0
13463,0
13464,0
13469,0
13472,0
13473,0
13474,0
13478,0
13479,0
13480,0
13482,0
13484,0
13485,0
13489,0
13491,0
13496,0
13500,0
13501,0
13502,0
13505,0
13507,0
13510,0
13515,0
13516,0
13519,0
13521,0
13522,0
13524,0
13525,0
13529,0
13531,0
13532,0
13534,0
13535,0
13536,0
13537,0
13538,0
13539,0
13540,0
13542,0
13543,0
13545,0
13546,0
13549,0
13552,0
13553,0
13554,0
13555,0
13556,0
13557,0
13563,0
13564,0
13569,0
13570,0
13571,0
13575,0
13578,0
13580,0
13581,0
13583,0
13584,0
13585,0
13587,0
13588,0
13590,0
13593,0
13594,0
13596,0
13599,0
13602,0
13603,0
13609,0
13610,0
13612,0
13614,0
13617,0
13619,0
13622,0
13625,0
13627,0
13629,0
13630,0
13632,0
13637,0
13639,0
13640,0
13642,0
13648,0
13649,0
13652,0
13656,0
13657,0
13658,0
13659,0
13663,0
13664,0
13665,0
13666,0
13667,0
13668,0
13669,0
13670,0
13671,0
13674,0
13675,0
13682,0
13683,0
13684,0
13686,0
13687,0
13688,0
13694,0
13695,0
13696,0
13701,0
13702,0
13704,0
13705,0
13707,0
13708,0
13710,0
13714,0
13718,0
13719,0
13720,0
13722,0
13724,0
13725,0
13726,0
13729,0
13731,0
13733,0
13734,0
13737,0
13740,0
13741,0
13744,0
13745,0
13746,0
13747,0
13750,0
13753,0
13759,0
13760,0
13762,0
13763,0
13764,0
13766,0
13767,0
13768,0
13771,0
13774,0
13775,0
13778,0
13780,0
13786,0
13788,0
13791,0
13792,0
13803,0
13804,0
13805,0
13806,0
13807,0
13811,0
13812,0
13814,0
13821,0
13822,0
13823,0
13824,0
13826,0
13828,0
13829,0
13830,0
13832,0
13833,0
13836,0
13839,0
13847,0
13848,0
13850,0
13853,0
13857,0
13859,0
13860,0
13862,0
13865,0
13867,0
13869,0
13870,0
13872,0
13873,0
13874,0
13876,0
13878,0
13880,0
13881,0
13884,0
13886,0
13889,0
13892,0
13896,0
13897,0
13899,0
13902,0
13903,0
13907,0
13908,0
13915,0
13916,0
13918,0
13919,0
13920,0
13924,0
13928,0
13929,0
13930,0
13932,0
13933,0
13941,0
13944,0
13948,0
13949,0
13953,0
13954,0
13956,0
13959,0
13962,0
13964,0
13972,0
13973,0
13976,0
13977,0
13979,0
13983,0
13984,0
13985,0
13989,0
13993,0
13994,0
13995,0
13998,0
14000,0
14003,0
14005,0
14007,0
14010,0
14011,0
14012,0
14014,0
14017,0
14018,0
14027,0
14030,0
14031,0
14032,0
14033,0
14035,0
14036,0
14037,0
14042,0
14043,0
14046,0
14047,0
14051,0
14052,0
14057,0
14058,0
14061,0
14063,0
14064,0
14065,0
14066,0
14068,0
14069,0
14070,0
14075,0
14078,0
14079,0
14080,0
14084,0
14085,0
14087,0
14089,0
14092,0
14095,0
14098,0
14099,0
14100,0
14101,0
14102,0
14103,0
14106,0
14108,0
14115,0
14120,0
14126,0
14132,0
14133,0
14138,0
14148,0
14150,0
14151,0
14153,0
14162,0
14163,0
14167,0
14168,0
14169,0
14172,0
14175,0
14178,0
14183,0
14187,0
14188,0
14190,0
14194,0
14195,0
14197,0
14198,0
14201,0
14203,0
14205,0
14207,0
14210,0
14211,0
14212,0
14219,0
14223,0
14226,0
14227,0
14228,0
14231,0
14232,0
14233,0
14236,0
14237,0
14239,0
14242,0
14245,0
14246,0
14248,0
14249,0
14250,0
14258,0
14261,0
14262,0
14263,0
14264,0
14266,0
14267,0
14268,0
14270,0
14273,0
14275,0
14276,0
14278,0
14282,0
14283,0
14285,0
14286,0
14288,0
14289,0
14292,0
14298,0
14300,0
14304,0
14306,0
14308,0
14310,0
14317,0
14318,0
14322,0
14323,0
14328,0
14335,0
14338,0
14340,0
14342,0
14344,0
14346,0
14347,0
14349,0
14350,0
14351,0
14353,0
14357,0
14361,0
14365,0
14366,0
14367,0
14368,0
14371,0
14374,0
14375,0
14380,0
14388,0
14389,0
14390,0
14391,0
14392,0
14395,0
14397,0
14398,0
14403,0
14405,0
14406,0
14408,0
14410,0
14411,0
14413,0
14416,0
14418,0
14420,0
14423,0
14424,0
14428,0
14433,0
14436,0
14438,0
14439,0
14440,0
14442,0
14447,0
14453,0
14457,0
14460,0
14463,0
14467,0
14469,0
14470,0
14471,0
14476,0
14477,0
14481,0
14482,0
14491,0
14492,0
14493,0
14496,0
14497,0
14499,0
14500,0
14501,0
14502,0
14504,0
14505,0
14506,0
14509,0
14510,0
14511,0
14515,0
14516,0
14517,0
14523,0
14524,0
14525,0
14526,0
14527,0
14530,0
14541,0
14544,0
14545,0
14546,0
14550,0
14551,0
14552,0
14553,0
14556,0
14562,0
14564,0
14566,0
14569,0
14572,0
14575,0
14576,0
14577,0
14581,0
14584,0
14586,0
14588,0
14592,0
14593,0
14596,0
14602,0
14603,0
14605,0
14607,0
14609,0
14610,0
14611,0
14612,0
14613,0
14614,0
14616,0
14620,0
14622,0
14628,0
14630,0
14631,0
14633,0
14634,0
14635,0
14637,0
14640,0
14641,0
14642,0
14645,0
14646,0
14648,0
14649,0
14656,0
14660,0
14661,0
14665,0
14667,0
14668,0
14670,0
14671,0
14672,0
14674,0
14676,0
14677,0
14678,0
14680,0
14682,0
14683,0
14684,0
14685,0
14688,0
14689,0
14690,0
14693,0
14694,0
14696,0
14698,0
14701,0
14705,0
14706,0
14711,0
14715,0
14716,0
14720,0
14723,0
14725,0
14729,0
14732,0
14733,0
14734,0
14735,0
14736,0
14739,0
14740,0
14742,0
14743,0
14744,0
14749,0
14750,0
14752,0
14753,0
14765,0
14768,0
14770,0
14771,0
14775,0
14777,0
14778,0
14782,0
14785,0
14786,0
14787,0
14788,0
14790,0
14792,0
14793,0
14794,0
14798,0
14801,0
14802,0
14803,0
14805,0
14809,0
14810,0
14811,0
14812,0
14813,0
14815,0
14816,0
14818,0
14820,0
14821,0
14822,0
14823,0
14830,0
14835,0
14837,0
14838,0
14839,0
14842,0
14844,0
14851,0
14852,0
14854,0
14855,0
14858,0
14859,0
14862,0
14863,0
14868,0
14869,0
14879,0
14880,0
14881,0
14882,0
14889,0
14891,0
14892,0
14893,0
14894,0
14895,0
14896,0
14899,0
14900,0
14906,0
14909,0
14910,0
14911,0
14913,0
14914,0
14915,0
14916,0
14917,0
14919,0
14920,0
14922,0
14923,0
14924,0
14929,0
14930,0
14933,0
14934,0
14937,0
14940,0
14943,0
14944,0
14947,0
14951,0
14952,0
14954,0
14956,0
14958,0
14959,0
14960,0
14962,0
14963,0
14968,0
14969,0
14970,0
14971,0
14977,0
14978,0
14979,0
14980,0
14982,0
14986,0
14988,0
14991,0
14995,0
14997,0
14998,0
15001,0
15003,0
15004,0
15007,0
15008,0
15011,0
15012,0
15018,0
15019,0
15020,0
15029,0
15030,0
15035,0
15039,0
15040,0
15041,0
15043,0
15044,0
15050,0
15051,0
15053,0
15054,0
15055,0
15060,0
15061,0
15063,0
15065,0
15067,0
15069,0
15073,0
15076,0
15077,0
15078,0
15082,0
15085,0
15088,0
15093,0
15094,0
15098,0
15099,0
15101,0
15102,0
15104,0
15110,0
15113,0
15116,0
15118,0
15119,0
15122,0
15123,0
15131,0
15133,0
15139,0
15146,0
15148,0
15149,0
15150,0
15152,0
15153,0
15157,0
15159,0
15160,0
15161,0
15166,0
15167,0
15170,0
15174,0
15175,0
15177,0
15181,0
15182,0
15189,0
15191,0
15192,0
15197,0
15198,0
15201,0
15203,0
15205,0
15207,0
15208,0
15209,0
15214,0
15215,0
15218,0
15219,0
15221,0
15223,0
15225,0
15232,0
15233,0
15235,0
15238,0
15240,0
15241,0
15242,0
15245,0
15248,0
15249,0
15251,0
15253,0
15254,0
15255,0
15256,0
15257,0
15259,0
15261,0
15262,0
15263,0
15264,0
15267,0
15269,0
15272,0
15274,0
15277,0
15278,0
15282,0
15286,0
15291,0
15293,0
15301,0
15302,0
15304,0
15308,0
15310,0
15315,0
15317,0
15320,0
15322,0
15324,0
15325,0
15326,0
15328,0
15329,0
15330,0
15331,0
15333,0
15338,0
15340,0
15344,0
15345,0
15347,0
15348,0
15352,0
15353,0
15354,0
15356,0
15357,0
15362,0
15363,0
15367,0
15373,0
15376,0
15378,0
15379,0
15380,0
15384,0
15385,0
15390,0
15393,0
15394,0
15396,0
15399,0
15400,0
15401,0
15403,0
15404,0
15406,0
15407,0
15409,0
15411,0
15412,0
15414,0
15416,0
15417,0
15418,0
15419,0
15422,0
15423,0
15425,0
15432,0
15433,0
15434,0
15438,0
15440,0
15442,0
15444,0
15449,0
15453,0
15455,0
15457,0
15458,0
15459,0
15460,0
15463,0
15466,0
15467,0
15468,0
15469,0
15471,0
15474,0
15477,0
15483,0
15485,0
15488,0
15489,0
15491,0
15495,0
15497,0
15498,0
15499,0
15500,0
15503,0
15504,0
15506,0
15508,0
15509,0
15510,0
15512,0
15513,0
15515,0
15517,0
15519,0
15521,0
15522,0
15523,0
15524,0
15526,0
15528,0
15530,0
15531,0
15533,0
15534,0
15536,0
15537,0
15543,0
15545,0
15547,0
15551,0
15552,0
15554,0
15555,0
15560,0
15562,0
15563,0
15566,0
15570,0
15571,0
15573,0
15575,0
15581,0
15584,0
15585,0
15586,0
15587,0
15588,0
15589,0
15590,0
15591,0
15594,0
15597,0
15599,0
15601,0
15602,0
15603,0
15609,0
15611,0
15616,0
15618,0
15625,0
15631,0
15635,0
15639,0
15640,0
15644,0
15645,0
15646,0
15647,0
15652,0
15655,0
15658,0
15660,0
15662,0
15664,0
15667,0
15672,0
15674,0
15679,0
15681,0
15683,0
15685,0
15686,0
15688,0
15689,0
15691,0
15692,0
15696,0
15697,0
15699,0
15701,0
15710,0
15711,0
15712,0
15715,0
15717,0
15719,0
15720,0
15721,0
15723,0
15731,0
15735,0
15738,0
15739,0
15743,0
15746,0
15747,0
15748,0
15749,0
15751,0
15754,0
15757,0
15758,0
15760,0
15762,0
15763,0
15769,0
15770,0
15771,0
15772,0
15773,0
15774,0
15775,0
15776,0
15777,0
15782,0
15783,0
15784,0
15785,0
15788,0
15789,0
15795,0
15796,0
15798,0
15800,0
15802,0
15804,0
15808,0
15812,0
15813,0
15815,0
15817,0
15820,0
15822,0
15823,0
15825,0
15826,0
15830,0
15831,0
15832,0
15833,0
15834,0
15835,0
15836,0
15837,0
15840,0
15846,0
15847,0
15848,0
15850,0
15851,0
15852,0
15853,0
15854,0
15855,0
15856,0
15857,0
15858,0
15862,0
15865,0
15870,0
15871,0
15872,0
15875,0
15878,0
15880,0
15881,0
15883,0
15885,0
15886,0
15889,0
15892,0
15893,0
15895,0
15899,0
15900,0
15901,0
15904,0
15906,0
15907,0
15908,0
15911,0
15916,0
15917,0
15923,0
15927,0
15934,0
15937,0
15939,0
15941,0
15944,0
15947,0
15948,0
15949,0
15951,0
15954,0
15955,0
15960,0
15968,0
15969,0
15970,0
15974,0
15980,0
15983,0
15985,0
15992,0
15995,0
15996,0
15998,0
15999,0
16000,0
16005,0
16006,0
16007,0
16008,0
16010,0
16011,0
16012,0
16018,0
16024,0
16027,0
16029,0
16030,0
16031,0
16033,0
16036,0
16041,0
16044,0
16045,0
16048,0
16053,0
16054,0
16057,0
16058,0
16062,0
16065,0
16071,0
16076,0
16077,0
16079,0
16080,0
16090,0
16091,0
16092,0
16093,0
16096,0
16097,0
16099,0
16101,0
16102,0
16106,0
16107,0
16111,0
16112,0
16113,0
16114,0
16115,0
16116,0
16118,0
16120,0
16126,0
16129,0
16134,0
16135,0
16137,0
16140,0
16142,0
16148,0
16150,0
16156,0
16160,0
16162,0
16163,0
16164,0
16165,0
16167,0
16168,0
16172,0
16174,0
16175,0
16181,0
16183,0
16187,0
16190,0
16191,0
16193,0
16196,0
16209,0
16211,0
16215,0
16217,0
16219,0
16220,0
16222,0
16223,0
16224,0
16225,0
16229,0
16230,0
16231,0
16232,0
16237,0
16238,0
16248,0
16251,0
16252,0
16253,0
16254,0
16257,0
16261,0
16264,0
16268,0
16269,0
16270,0
16273,0
16274,0
16275,0
16278,0
16280,0
16284,0
16285,0
16290,0
16292,0
16293,0
16294,0
16295,0
16296,0
16299,0
16304,0
16305,0
16307,0
16308,0
16310,0
16312,0
16314,0
16315,0
16316,0
16317,0
16318,0
16320,0
16323,0
16325,0
16327,0
16332,0
16336,0
16339,0
16340,0
16341,0
16342,0
16343,0
16350,0
16351,0
16352,0
16355,0
16360,0
16364,0
16367,0
16369,0
16370,0
16372,0
16375,0
16376,0
16377,0
16379,0
16382,0
16383,0
16384,0
16385,0
16390,0
16391,0
16392,0
16396,0
16397,0
16401,0
16404,0
16405,0
16407,0
16410,0
16411,0
16413,0
16414,0
16415,0
16418,0
16425,0
16427,0
16428,0
16430,0
16431,0
16434,0
16435,0
16437,0
16441,0
16443,0
16447,0
16449,0
16451,0
16454,0
16458,0
16462,0
16467,0
16470,0
16471,0
16472,0
16473,0
16475,0
16477,0
16478,0
16480,0
16482,0
16484,0
16485,0
16488,0
16490,0
16494,0
16496,0
16499,0
16500,0
16502,0
16504,0
16505,0
16507,0
16508,0
16509,0
16510,0
16513,0
16514,0
16515,0
16519,0
16521,0
16523,0
16526,0
16530,0
16531,0
16533,0
16536,0
16537,0
16539,0
16547,0
16548,0
16551,0
16553,0
16555,0
16557,0
16558,0
16559,0
16560,0
16561,0
16562,0
16570,0
16572,0
16573,0
16576,0
16579,0
16581,0
16582,0
16583,0
16587,0
16588,0
16589,0
16592,0
16593,0
16595,0
16597,0
16598,0
16600,0
16602,0
16605,0
16606,0
16609,0
16611,0
16612,0
16613,0
16615,0
16616,0
16622,0
16623,0
16624,0
16625,0
16626,0
16629,0
16631,0
16633,0
16636,0
16637,0
16638,0
16639,0
16641,0
16643,0
16645,0
16648,0
16651,0
16656,0
16660,0
16661,0
16663,0
16665,0
16670,0
16671,0
16673,0
16675,0
16679,0
16681,0
16686,0
16687,0
16689,0
16690,0
16696,0
16700,0
16702,0
16705,0
16707,0
16709,0
16710,0
16711,0
16716,0
16717,0
16720,0
16722,0
16723,0
16731,0
16732,0
16735,0
16737,0
16738,0
16739,0
16740,0
16741,0
16742,0
16743,0
16744,0
16746,0
16748,0
16750,0
16755,0
16756,0
16758,0
16760,0
16762,0
16764,0
16767,0
16769,0
16772,0
16773,0
16777,0
16783,0
16787,0
16789,0
16790,0
16792,0
16793,0
16794,0
16796,0
16797,0
16799,0
16801,0
16802,0
16805,0
16806,0
16807,0
16808,0
16809,0
16812,0
16813,0
16815,0
16817,0
16821,0
16822,0
16823,0
16824,0
16827,0
16838,0
16840,0
16847,0
16848,0
16851,0
16852,0
16855,0
16856,0
16859,0
16860,0
16864,0
16865,0
16866,0
16871,0
16873,0
16874,0
16875,0
16876,0
16878,0
16879,0
16881,0
16886,0
16892,0
16893,0
16895,0
16896,0
16900,0
16903,0
16908,0
16909,0
16910,0
16914,0
16915,0
16918,0
16920,0
16921,0
16924,0
16927,0
16929,0
16933,0
16935,0
16936,0
16937,0
16939,0
16944,0
16946,0
16949,0
16950,0
16951,0
16953,0
16957,0
16960,0
16964,0
16966,0
16974,0
16975,0
16978,0
16981,0
16982,0
16983,0
16989,0
16992,0
16993,0
16994,0
16995,0
16996,0
16997,0
16998,0
17001,0
17005,0
17006,0
17011,0
17012,0
17015,0
17017,0
17019,0
17020,0
17021,0
17022,0
17023,0
17025,0
17027,0
17035,0
17040,0
17044,0
17046,0
17047,0
17048,0
17049,0
17051,0
17052,0
17053,0
17057,0
17060,0
17061,0
17063,0
17065,0
17067,0
17068,0
17071,0
17072,0
17073,0
17074,0
17078,0
17080,0
17088,0
17090,0
17093,0
17097,0
17098,0
17100,0
17102,0
17104,0
17105,0
17106,0
17108,0
17113,0
17117,0
17120,0
17121,0
17122,0
17123,0
17124,0
17125,0
17127,0
17128,0
17131,0
17137,0
17141,0
17143,0
17144,0
17146,0
17148,0
17152,0
17154,0
17155,0
17156,0
17158,0
17160,0
17169,0
17170,0
17172,0
17175,0
17176,0
17177,0
17180,0
17184,0
17186,0
17188,0
17189,0
17190,0
17192,0
17193,0
17196,0
17197,0
17198,0
17201,0
17202,0
17208,0
17211,0
17216,0
17217,0
17221,0
17222,0
17225,0
17231,0
17232,0
17233,0
17236,0
17238,0
17242,0
17244,0
17249,0
17250,0
17253,0
17254,0
17258,0
17260,0
17261,0
17262,0
17264,0
17267,0
17268,0
17269,0
17271,0
17274,0
17278,0
17284,0
17288,0
17290,0
17291,0
17298,0
17299,0
17300,0
17304,0
17305,0
17310,0
17311,0
17315,0
17316,0
17317,0
17318,0
17319,0
17321,0
17326,0
17327,0
17328,0
17330,0
17331,0
17332,0
17333,0
17336,0
17337,0
17338,0
17340,0
17343,0
17344,0
17345,0
17348,0
17352,0
17355,0
17357,0
17360,0
17362,0
17363,0
17364,0
17365,0
17369,0
17371,0
17377,0
17378,0
17379,0
17381,0
17386,0
17387,0
17388,0
17397,0
17400,0
17402,0
17409,0
17410,0
17411,0
17415,0
17418,0
17419,0
17423,0
17426,0
17430,0
17433,0
17435,0
17436,0
17437,0
17439,0
17440,0
17441,0
17443,0
17446,0
17451,0
17455,0
17456,0
17459,0
17463,0
17466,0
17468,0
17471,0
17474,0
17475,0
17477,0
17484,0
17485,0
17486,0
17487,0
17488,0
17492,0
17497,0
17498,0
17503,0
17506,0
17509,0
17514,0
17520,0
17523,0
17527,0
17529,0
17530,0
17534,0
17536,0
17537,0
17541,0
17543,0
17546,0
17554,0
17555,0
17561,0
17563,0
17565,0
17567,0
17568,0
17569,0
17571,0
17572,0
17573,0
17575,0
17576,0
17577,0
17579,0
17581,0
17582,0
17583,0
17587,0
17588,0
17591,0
17592,0
17594,0
17595,0
17604,0
17605,0
17606,0
17608,0
17610,0
17612,0
17613,0
17615,0
17616,0
17617,0
17620,0
17622,0
17623,0
17625,0
17626,0
17628,0
17629,0
17639,0
17641,0
17642,0
17644,0
17647,0
17648,0
17649,0
17650,0
17655,0
17672,0
17674,0
17676,0
17678,0
17683,0
17684,0
17688,0
17689,0
17691,0
17692,0
17693,0
17695,0
17698,0
17700,0
17706,0
17709,0
17710,0
17711,0
17713,0
17715,0
17716,0
17717,0
17721,0
17731,0
17734,0
17736,0
17739,0
17740,0
17741,0
17744,0
17745,0
17747,0
17754,0
17755,0
17757,0
17758,0
17761,0
17762,0
17763,0
17764,0
17769,0
17774,0
17776,0
17782,0
17784,0
17785,0
17787,0
17790,0
17793,0
17796,0
17811,0
17812,0
17819,0
17820,0
17821,0
17825,0
17826,0
17827,0
17830,0
17832,0
17836,0
17840,0
17841,0
17845,0
17847,0
17852,0
17853,0
17859,0
17860,0
17861,0
17863,0
17865,0
17867,0
17871,0
17872,0
17873,0
17874,0
17875,0
17876,0
17877,0
17880,0
17882,0
17883,0
17887,0
17889,0
17890,0
17894,0
17895,0
17896,0
17898,0
17900,0
17901,0
17902,0
17904,0
17905,0
17906,0
17907,0
17910,0
17913,0
17914,0
17918,0
17919,0
17920,0
17921,0
17927,0
17928,0
17931,0
17932,0
17934,0
17935,0
17938,0
17940,0
17943,0
17945,0
17946,0
17948,0
17953,0
17957,0
17959,0
17960,0
17962,0
17963,0
17964,0
17968,0
17970,0
17971,0
17972,0
17973,0
17974,0
17975,0
17976,0
17978,0
17980,0
17981,0
17984,0
17988,0
17991,0
17992,0
17993,0
17994,0
17997,0
17998,0
18005,0
18009,0
18010,0
18013,0
18015,0
18016,0
18022,0
18023,0
18024,0
18026,0
18027,0
18030,0
18032,0
18034,0
18041,0
18042,0
18043,0
18046,0
18047,0
18049,0
18053,0
18054,0
18055,0
18056,0
18061,0
18062,0
18063,0
18064,0
18066,0
18069,0
18074,0
18079,0
18082,0
18085,0
18086,0
18087,0
18089,0
18090,0
18102,0
18105,0
18107,0
18109,0
18110,0
18111,0
18113,0
18114,0
18115,0
18116,0
18117,0
18119,0
18124,0
18129,0
18131,0
18137,0
18138,0
18141,0
18142,0
18143,0
18144,0
18147,0
18150,0
18152,0
18157,0
18159,0
18160,0
18161,0
18166,0
18167,0
18168,0
18169,0
18170,0
18174,0
18178,0
18179,0
18180,0
18184,0
18186,0
18188,0
18192,0
18193,0
18196,0
18198,0
18202,0
18203,0
18206,0
18210,0
18212,0
18213,0
18214,0
18215,0
18216,0
18217,0
18219,0
18220,0
18222,0
18224,0
18227,0
18229,0
18231,0
18233,0
18235,0
18236,0
18238,0
18239,0
18243,0
18244,0
18247,0
18248,0
18249,0
18250,0
18254,0
18255,0
18256,0
18258,0
18266,0
18267,0
18268,0
18269,0
18273,0
18277,0
18278,0
18280,0
18281,0
18285,0
18287,0
18288,0
18290,0
18291,0
18297,0
18298,0
18299,0
18300,0
18301,0
18303,0
18312,0
18314,0
18316,0
18317,0
18319,0
18327,0
18329,0
18330,0
18331,0
18332,0
18340,0
18341,0
18343,0
18346,0
18349,0
18352,0
18354,0
18356,0
18359,0
18360,0
18365,0
18366,0
18367,0
18369,0
18370,0
18375,0
18377,0
18378,0
18379,0
18380,0
18381,0
18383,0
18384,0
18385,0
18389,0
18397,0
18398,0
18400,0
18404,0
18405,0
18406,0
18419,0
18420,0
18423,0
18425,0
18427,0
18429,0
18430,0
18432,0
18433,0
18436,0
18437,0
18438,0
18440,0
18441,0
18452,0
18453,0
18454,0
18455,0
18456,0
18458,0
18468,0
18470,0
18471,0
18472,0
18475,0
18477,0
18481,0
18482,0
18485,0
18486,0
18488,0
18489,0
18491,0
18492,0
18494,0
18495,0
18496,0
18498,0
18502,0
18505,0
18507,0
18508,0
18512,0
18515,0
18516,0
18517,0
18523,0
18525,0
18528,0
18537,0
18539,0
18540,0
18541,0
18542,0
18543,0
18546,0
18547,0
18549,0
18550,0
18552,0
18554,0
18557,0
18562,0
18564,0
18570,0
18575,0
18580,0
18581,0
18582,0
18583,0
18585,0
18589,0
18592,0
18593,0
18594,0
18597,0
18599,0
18601,0
18602,0
18607,0
18608,0
18609,0
18612,0
18616,0
18619,0
18621,0
18622,0
18625,0
18626,0
18627,0
18629,0
18630,0
18631,0
18632,0
18634,0
18636,0
18637,0
18639,0
18640,0
18641,0
18644,0
18645,0
18646,0
18649,0
18650,0
18652,0
18653,0
18654,0
18657,0
18658,0
18660,0
18663,0
18667,0
18669,0
18670,0
18671,0
18673,0
18676,0
18678,0
18679,0
18680,0
18690,0
18696,0
18697,0
18698,0
18709,0
18710,0
18713,0
18714,0
18718,0
18720,0
18721,0
18725,0
18726,0
18728,0
18729,0
18731,0
18732,0
18733,0
18735,0
18736,0
18737,0
18738,0
18739,0
18740,0
18741,0
18744,0
18745,0
18746,0
18747,0
18748,0
18749,0
18751,0
18759,0
18760,0
18761,0
18762,0
18764,0
18765,0
18767,0
18769,0
18773,0
18776,0
18778,0
18779,0
18780,0
18782,0
18786,0
18787,0
18790,0
18792,0
18797,0
18798,0
18800,0
18801,0
18802,0
18803,0
18804,0
18807,0
18811,0
18814,0
18816,0
18817,0
18818,0
18819,0
18820,0
18828,0
18831,0
18834,0
18840,0
18842,0
18844,0
18849,0
18850,0
18851,0
18854,0
18856,0
18857,0
18859,0
18862,0
18864,0
18865,0
18866,0
18871,0
18872,0
18874,0
18875,0
18876,0
18880,0
18886,0
18891,0
18893,0
18897,0
18899,0
18903,0
18908,0
18911,0
18912,0
18913,0
18915,0
18917,0
18919,0
18920,0
18921,0
18922,0
18924,0
18925,0
18928,0
18930,0
18932,0
18934,0
18943,0
18947,0
18954,0
18956,0
18960,0
18961,0
18965,0
18966,0
18969,0
18971,0
18974,0
18975,0
18977,0
18978,0
18979,0
18980,0
18981,0
18982,0
18983,0
18985,0
18989,0
18994,0
18996,0
18997,0
18999,0
19000,0
19004,0
19007,0
19009,0
19013,0
19016,0
19017,0
19019,0
19020,0
19021,0
19026,0
19028,0
19029,0
19030,0
19034,0
19037,0
19040,0
19041,0
19043,0
19044,0
19045,0
19046,0
19048,0
19051,0
19054,0
19055,0
19058,0
19060,0
19064,0
19065,0
19066,0
19071,0
19072,0
19073,0
19078,0
19080,0
19084,0
19085,0
19086,0
19088,0
19089,0
19091,0
19095,0
19096,0
19097,0
19098,0
19100,0
19101,0
19104,0
19107,0
19110,0
19111,0
19112,0
19113,0
19114,0
19117,0
19118,0
19120,0
19121,0
19124,0
19126,0
19129,0
19131,0
19136,0
19140,0
19142,0
19147,0
19160,0
19162,0
19164,0
19168,0
19175,0
19177,0
19179,0
19181,0
19183,0
19184,0
19190,0
19192,0
19194,0
19197,0
19198,0
19201,0
19202,0
19203,0
19204,0
19205,0
19212,0
19213,0
19214,0
19218,0
19219,0
19223,0
19232,0
19233,0
19234,0
19235,0
19237,0
19238,0
19239,0
19240,0
19243,0
19246,0
19248,0
19249,0
19252,0
19254,0
19255,0
19257,0
19260,0
19266,0
19267,0
19268,0
19272,0
19276,0
19278,0
19279,0
19280,0
19281,0
19286,0
19287,0
19288,0
19290,0
19291,0
19293,0
19296,0
19297,0
19299,0
19300,0
19301,0
19302,0
19304,0
19305,0
19306,0
19307,0
19311,0
19313,0
19321,0
19322,0
19326,0
19327,0
19329,0
19331,0
19332,0
19334,0
19336,0
19337,0
19338,0
19340,0
19341,0
19347,0
19348,0
19350,0
19357,0
19362,0
19364,0
19365,0
19367,0
19369,0
19370,0
19373,0
19377,0
19378,0
19382,0
19385,0
19386,0
19388,0
19390,0
19393,0
19395,0
19398,0
19399,0
19400,0
19403,0
19404,0
19406,0
19407,0
19408,0
19409,0
19411,0
19412,0
19417,0
19419,0
19427,0
19428,0
19435,0
19436,0
19438,0
19440,0
19442,0
19444,0
19447,0
19449,0
19453,0
19454,0
19455,0
19459,0
19462,0
19464,0
19466,0
19469,0
19471,0
19474,0
19476,0
19478,0
19480,0
19481,0
19482,0
19485,0
19486,0
19487,0
19489,0
19495,0
19496,0
19498,0
19501,0
19502,0
19503,0
19505,0
19513,0
19514,0
19519,0
19522,0
19524,0
19525,0
19526,0
19527,0
19529,0
19530,0
19532,0
19533,0
19535,0
19538,0
19545,0
19549,0
19552,0
19554,0
19555,0
19557,0
19558,0
19559,0
19566,0
19567,0
19569,0
19570,0
19571,0
19573,0
19574,0
19576,0
19577,0
19580,0
19581,0
19582,0
19584,0
19587,0
19588,0
19589,0
19592,0
19593,0
19594,0
19600,0
19607,0
19608,0
19610,0
19612,0
19617,0
19618,0
19620,0
19621,0
19627,0
19628,0
19632,0
19633,0
19641,0
19644,0
19647,0
19651,0
19652,0
19654,0
19656,0
19658,0
19666,0
19668,0
19669,0
19670,0
19671,0
19672,0
19673,0
19676,0
19677,0
19682,0
19683,0
19684,0
19687,0
19689,0
19691,0
19692,0
19693,0
19694,0
19702,0
19705,0
19706,0
19707,0
19709,0
19710,0
19713,0
19714,0
19715,0
19716,0
19720,0
19721,0
19723,0
19726,0
19729,0
19730,0
19732,0
19734,0
19735,0
19737,0
19739,0
19742,0
19743,0
19745,0
19748,0
19750,0
19753,0
19754,0
19763,0
19764,0
19765,0
19767,0
19772,0
19773,0
19779,0
19782,0
19784,0
19787,0
19788,0
19790,0
19793,0
19796,0
19799,0
19803,0
19807,0
19809,0
19810,0
19812,0
19816,0
19817,0
19819,0
19820,0
19823,0
19824,0
19825,0
19828,0
19829,0
19831,0
19834,0
19841,0
19842,0
19843,0
19844,0
19846,0
19851,0
19858,0
19865,0
19868,0
19869,0
19870,0
19871,0
19872,0
19873,0
19877,0
19878,0
19881,0
19882,0
19884,0
19886,0
19887,0
19890,0
19895,0
19896,0
19898,0
19904,0
19905,0
19906,0
19910,0
19915,0
19921,0
19922,0
19923,0
19927,0
19930,0
19931,0
19932,0
19933,0
19936,0
19937,0
19938,0
19939,0
19942,0
19943,0
19946,0
19950,0
19951,0
19953,0
19957,0
19959,0
19960,0
19961,0
19962,0
19963,0
19965,0
19967,0
19970,0
19974,0
19976,0
19979,0
19984,0
19985,0
19986,0
19988,0
19989,0
19992,0
19999,0
20000,0
20006,0
20010,0
20011,0
20013,0
20017,0
20018,0
20022,0
20031,0
20032,0
20034,0
20039,0
20041,0
20043,0
20046,0
20047,0
20048,0
20050,0
20058,0
20059,0
20063,0
20067,0
20070,0
20072,0
20073,0
20082,0
20084,0
20086,0
20087,0
20088,0
20092,0
20097,0
20100,0
20102,0
20103,0
20104,0
20107,0
20113,0
20115,0
20120,0
20122,0
20123,0
20125,0
20130,0
20131,0
20132,0
20133,0
20134,0
20135,0
20139,0
20142,0
20149,0
20150,0
20151,0
20154,0
20159,0
20161,0
20164,0
20165,0
20166,0
20168,0
20171,0
20172,0
20173,0
20181,0
20182,0
20184,0
20185,0
20187,0
20189,0
20190,0
20194,0
20195,0
20196,0
20197,0
20198,0
20200,0
20201,0
20204,0
20205,0
20206,0
20211,0
20212,0
20216,0
20218,0
20219,0
20221,0
20222,0
20223,0
20227,0
20232,0
20234,0
20238,0
20239,0
20240,0
20245,0
20247,0
20248,0
20250,0
20251,0
20253,0
20254,0
20257,0
20258,0
20261,0
20262,0
20264,0
20265,0
20266,0
20269,0
20270,0
20273,0
20275,0
20276,0
20277,0
20279,0
20280,0
20281,0
20284,0
20285,0
20293,0
20295,0
20299,0
20303,0
20304,0
20305,0
20306,0
20307,0
20309,0
20310,0
20321,0
20323,0
20326,0
20331,0
20336,0
20337,0
20340,0
20345,0
20347,0
20349,0
20350,0
20353,0
20356,0
20357,0
20358,0
20360,0
20364,0
20365,0
20371,0
20376,0
20377,0
20378,0
20380,0
20381,0
20382,0
20384,0
20386,0
20388,0
20390,0
20391,0
20394,0
20398,0
20400,0
20401,0
20404,0
20409,0
20415,0
20416,0
20417,0
20421,0
20428,0
20431,0
20432,0
20437,0
20439,0
20440,0
20441,0
20443,0
20444,0
20449,0
20450,0
20451,0
20452,0
20453,0
20456,0
20457,0
20460,0
20463,0
20465,0
20466,0
20468,0
20469,0
20472,0
20473,0
20475,0
20476,0
20478,0
20479,0
20480,0
20481,0
20484,0
20487,0
20488,0
20493,0
20495,0
20496,0
20499,0
20501,0
20502,0
20507,0
20509,0
20511,0
20515,0
20518,0
20519,0
20520,0
20523,0
20527,0
20528,0
20529,0
20531,0
20532,0
20533,0
20535,0
20542,0
20548,0
20549,0
20551,0
20552,0
20553,0
20554,0
20555,0
20557,0
20561,0
20562,0
20567,0
20571,0
20572,0
20581,0
20582,0
20587,0
20588,0
20589,0
20590,0
20592,0
20593,0
20594,0
20598,0
20604,0
20605,0
20606,0
20607,0
20608,0
20610,0
20611,0
20616,0
20620,0
20621,0
20622,0
20627,0
20629,0
20630,0
20631,0
20635,0
20636,0
20637,0
20638,0
20639,0
